monxin_sql_startDROP TABLE IF EXISTS `monxin_copy_field`;m;o;n;
CREATE TABLE `monxin_copy_field` (
  `id` int(11) NOT NULL auto_increment,
  `table` varchar(100) NOT NULL,
  `field` varchar(50) NOT NULL,
  `default_value` varchar(100) default NULL COMMENT '默认值',
  `auto_update` int(1) NOT NULL default '0' COMMENT '自动更新',
  `replace_to` text COMMENT '查找',
  `data_source_type` varchar(30) NOT NULL default 'text' COMMENT '数据来源',
  `data_source_2` varchar(100) default NULL,
  `data_source_3` varchar(300) default NULL COMMENT '子网址提取正则',
  `data_source_4` varchar(100) default NULL COMMENT '主表字段',
  `extract_reg` text NOT NULL COMMENT '提取正则',
  `data_type` varchar(10) default 'text' COMMENT '数据类型',
  `data_type_file_save_path` varchar(100) default NULL COMMENT '文件保存目录',
  `data_type_img_save_path` varchar(100) default NULL COMMENT '图片保存目录',
  `data_type_img_imageMark` int(1) NOT NULL default '0' COMMENT '是否加水印',
  `data_type_img_thumb_save_path` varchar(100) default NULL COMMENT '缩略图保存目录',
  `data_type_img_thumb_width` int(4) NOT NULL default '0' COMMENT '缩略图宽度',
  `data_type_img_thumb_height` int(4) NOT NULL default '0' COMMENT '缩略图高度',
  `regular_id` int(11) NOT NULL default '0',
  `allow_html` int(1) NOT NULL default '0' COMMENT '支持HTML',
  `html_img_save_path` varchar(50) default NULL COMMENT 'html内图片保存路径',
  `html_img_watermark` int(1) NOT NULL default '0' COMMENT 'html内图片是否加水印',
  PRIMARY KEY  (`id`)
) ENGINE=MyISAM AUTO_INCREMENT=729 DEFAULT CHARSET=utf8;m;o;n;
INSERT INTO `monxin_copy_field` (`id`,`table`,`field`,`default_value`,`auto_update`,`replace_to`,`data_source_type`,`data_source_2`,`data_source_3`,`data_source_4`,`extract_reg`,`data_type`,`data_type_file_save_path`,`data_type_img_save_path`,`data_type_img_imageMark`,`data_type_img_thumb_save_path`,`data_type_img_thumb_width`,`data_type_img_thumb_height`,`regular_id`,`allow_html`,`html_img_save_path`,`html_img_watermark`) VALUES
('703','travel_line','shopping_arrangements','','0','','1','url','','id','#<p id=&#34;Shopping_Plan&#34;>(.*)</p>#iUs','0','','','0','','0','0','26','1','','0'),
('702','travel_line','precautions','','0','','1','url','','id','#<p id=&#34;Cautions&#34;>(.*)</p>#iUs','0','','','0','','0','0','26','1','','0'),
('700','travel_line','visit','0','0','','0','url','','id','','0','','','0','','0','0','26','0','','0'),
('701','travel_line','other','','0','','1','url','','id','#<p id=&#34;Other&#34;>(.*)</p>#iUs','0','','','0','','0','0','26','1','','0'),
('661','travel_line','type','6','0','','0','url','url','id','','0','','','0','','0','0','25','1','','0'),
('662','travel_line','insure','4','0','','0','url','','id','','0','','','0','','0','0','25','0','','0'),
('663','travel_line','departure_date','电话咨询','0','','1','url','','id','#<span id=&#34;TOURDATE&#34;>(.*)</span>#iU','0','','','0','','0','0','25','0','','0'),
('664','travel_line','adult_price','0','0','','1','icon','xxx','adult_price','#<span id=&#34;LINE_PIRCE01&#34;>([0-9]{0,10})</span>#iU','0','32432','sdr','1','wer','112','332','25','0','','0'),
('699','travel_line','reservations','0','0','','0','url','','id','','0','','','0','','0','0','26','0','','0'),
('697','travel_line','icon','','0','','2','icon','','id','','1','','./program/travel/img/','0','./program/travel/img_thumb/','300','200','26','0','','0'),
('698','travel_line','visible','1','0','','0','url','','id','','0','','','0','','0','0','26','0','','0'),
('695','travel_line','day','0','0','','0','url','','id','','0','','','0','','0','0','26','0','','0'),
('696','travel_line','tag','','0','','0','url','','id','','0','','','0','','0','0','26','0','','0'),
('694','travel_line','sequence','0','0','','0','url','','id','','0','','','0','','0','0','26','0','','0'),
('692','travel_slider','line_id','','0','','4','id','','id','','0','','','0','','0','0','26','0','','0'),
('693','travel_line','single_room_price','0','0','','0','url','','id','','0','','','0','','0','0','26','0','','0'),
('691','travel_slider','img','','0','','1','id','','id','#<img src=&#34;(http://uploadmonxin_backslash.boktourmonxin_backslash.com/bk_resources/[0-9]{1,20}/[0-9]{1,20}monxin_backslash.jpg)&#34; />#iU','1','','./program/travel/img/','0','./program/travel/img_thumb/','560','340','26','0','','0'),
('690','travel_weeks','line_id','','0','','4','id','','id','','0','','','0','','0','0','26','0','','0'),
('689','travel_weeks','adult_1','','0','','1','id','','id','#<span id=&#34;LINE_PIRCE01&#34;>([0-9]{0,10})</span>#iU','0','','','0','','0','0','26','0','','0'),
('687','travel_weeks','adult_3','','0','','1','id','','id','#<span id=&#34;LINE_PIRCE01&#34;>([0-9]{0,10})</span>#iU','0','','','0','','0','0','26','0','','0'),
('688','travel_weeks','adult_2','','0','','1','id','','id','#<span id=&#34;LINE_PIRCE01&#34;>([0-9]{0,10})</span>#iU','0','','','0','','0','0','26','0','','0'),
('686','travel_weeks','adult_4','','0','','1','id','','id','#<span id=&#34;LINE_PIRCE01&#34;>([0-9]{0,10})</span>#iU','0','','','0','','0','0','26','0','','0'),
('685','travel_weeks','adult_5','','0','','1','id','','id','#<span id=&#34;LINE_PIRCE01&#34;>([0-9]{0,10})</span>#iU','0','','','0','','0','0','26','0','','0'),
('682','travel_weeks','children_0','','0','','1','id','','id','#<span id=&#34;LINE_PIRCE02&#34;>([0-9]{1,9})</span>#iU','0','','','0','','0','0','26','0','','0'),
('683','travel_weeks','adult_0','','0','','1','id','','id','#<span id=&#34;LINE_PIRCE01&#34;>([0-9]{0,10})</span>#iU','0','','','0','','0','0','26','0','','0'),
('684','travel_weeks','adult_6','','0','','1','id','','id','#<span id=&#34;LINE_PIRCE01&#34;>([0-9]{0,10})</span>#iU','0','','','0','','0','0','26','0','','0'),
('681','travel_weeks','children_6','','0','','1','id','','id','#<span id=&#34;LINE_PIRCE02&#34;>([0-9]{1,9})</span>#iU','0','','','0','','0','0','26','0','','0'),
('680','travel_weeks','children_5','','0','','1','id','','id','#<span id=&#34;LINE_PIRCE02&#34;>([0-9]{1,9})</span>#iU','0','','','0','','0','0','26','0','','0'),
('679','travel_weeks','children_4','','0','','1','id','','id','#<span id=&#34;LINE_PIRCE02&#34;>([0-9]{1,9})</span>#iU','0','','','0','','0','0','26','0','','0'),
('678','travel_weeks','children_3','','0','','1','id','','id','#<span id=&#34;LINE_PIRCE02&#34;>([0-9]{1,9})</span>#iU','0','','','0','','0','0','26','0','','0'),
('677','travel_weeks','children_2','','0','','1','id','','id','#<span id=&#34;LINE_PIRCE02&#34;>([0-9]{1,9})</span>#iU','0','','','0','','0','0','26','0','','0'),
('676','travel_weeks','children_1','','0','','1','id','','id','#<span id=&#34;LINE_PIRCE02&#34;>([0-9]{1,9})</span>#iU','0','','','0','','0','0','26','0','','0'),
('675','travel_day','tips','','0','','1','id','','id','#<h3>温馨提示</h3><p>(.*)</p>#iUs','0','','','0','','0','0','26','1','','0'),
('674','travel_day','start','','0','','1','id','','id','#<td class=&#34;nr days-info&#34; style=&#34;text-align:left;&#34;>(.*)<#iUs','0','','','0','','0','0','26','0','','0'),
('673','travel_day','transportation','','0','#jt01#iU===2,,,
#jt02#iU===3,,,
#jt03#iU===0,,,
#jt04#iU===1,,,
','1','id','','id','#<span class=&#34;(jt0[1-4])&#34;></span>#iUs','0','','','0','','0','0','26','0','','0'),
('672','travel_day','dinner','','0','含餐===1,,,
不含===0,,,','1','id','','id','#<div class=&#34;fl ml25&#34;>晚餐：</div><span class=&#34;fl&#34;>(.*)</span>#iUs','0','','','0','','0','0','25','0','','0'),
('671','travel_day','lunch','','0','含餐===1,,,
不含===0,,,','1','id','','id','#<div class=&#34;fl ml25&#34;>中餐：</div><span class=&#34;fl&#34;>(.*)</span>#iUs','0','','','0','','0','0','25','0','','0'),
('670','travel_day','breakfast','','0','含餐===1,,,
不含===0,,,','1','id','','id','#<li class=&#34;food&#34;><div class=&#34;fl&#34;>早餐：</div><span class=&#34;fl&#34;>(.*)</span>#iUs','0','','','0','','0','0','25','0','','0'),
('669','travel_day','lodging','','0','','1','id','','id','#<li class=&#34;hotel&#34;><div class=&#34;fl&#34;>住宿：</div><span class=&#34;fl&#34;>(.*)</span></li>#iUs','0','','','0','','0','0','25','0','','0'),
('665','travel_line','children_price','0','0','','1','url','','id','#<span id=&#34;LINE_PIRCE02&#34;>([0-9]{1,9})</span>#iU','0','','','0','','0','0','25','0','','0'),
('668','travel_day','detail','','0','#<div class=&#34;xc-prompt&#34;>.*</div>#iUs===,,,
#<a .*>#iUs===,,,
#</a>#iUs===,,,
#<li>#iU===<li style=&#34;list-style:none;display:inline-block;text-align:center; padding:20px;&#34;>,,,
#<img#iU===<img style=max-width:300px,,,

','1','id','','id','#<td class=&#34;nr xc-info&#34;>(.*)<ul class=&#34;xc-other&#34;>.*</ul></td>#iUs','0','','','0','','0','0','25','1','./program/travel/attachd/image/','0'),
('666','travel_day','line_id','','0','','4','id','','id','','0','','','0','','0','0','25','0','','0'),
('667','travel_day','end','','0','','1','id','','id','#<td class=&#34;nr days-info&#34; style=&#34;text-align:left;&#34;>.*&nbsp;<span class=&#34;.*&#34;></span>&nbsp;(.*)</td>#iUs','0','','','0','','0','0','25','0','','0'),
('217','travel_day','start','','0','','1','id','','id','#<td class=&#34;nr days-info&#34; style=&#34;text-align:left;&#34;>(.*)&nbsp;<span#iUs','0','','','0','','0','0','17','0','','0'),
('215','travel_day','line_id','','0','','4','id','','id','','0','','','0','','0','0','17','0','','0'),
('216','travel_day','tips','','0','','1','id','','id','#<h3>温馨提示</h3><p>(.*)</p>#iUs','0','','','0','','0','0','17','1','','0'),
('214','travel_weeks','children_1','','0','','1','id','','id','#<span id=&#34;LINE_PIRCE02&#34;>([0-9]{1,9})</span>#iU','0','','','0','','0','0','17','0','','0'),
('213','travel_weeks','children_2','','0','','1','id','','id','#<span id=&#34;LINE_PIRCE02&#34;>([0-9]{1,9})</span>#iU','0','','','0','','0','0','17','0','','0'),
('212','travel_weeks','children_3','','0','','1','id','','id','#<span id=&#34;LINE_PIRCE02&#34;>([0-9]{1,9})</span>#iU','0','','','0','','0','0','17','0','','0'),
('211','travel_weeks','children_4','','0','','1','id','','id','#<span id=&#34;LINE_PIRCE02&#34;>([0-9]{1,9})</span>#iU','0','','','0','','0','0','17','0','','0');m;o;n;
INSERT INTO `monxin_copy_field` (`id`,`table`,`field`,`default_value`,`auto_update`,`replace_to`,`data_source_type`,`data_source_2`,`data_source_3`,`data_source_4`,`extract_reg`,`data_type`,`data_type_file_save_path`,`data_type_img_save_path`,`data_type_img_imageMark`,`data_type_img_thumb_save_path`,`data_type_img_thumb_width`,`data_type_img_thumb_height`,`regular_id`,`allow_html`,`html_img_save_path`,`html_img_watermark`) VALUES
('210','travel_weeks','children_5','','0','','1','id','','id','#<span id=&#34;LINE_PIRCE02&#34;>([0-9]{1,9})</span>#iU','0','','','0','','0','0','17','0','','0'),
('209','travel_weeks','children_6','','0','','1','id','','id','#<span id=&#34;LINE_PIRCE02&#34;>([0-9]{1,9})</span>#iU','0','','','0','','0','0','17','0','','0'),
('208','travel_weeks','children_0','','0','','1','id','','id','#<span id=&#34;LINE_PIRCE02&#34;>([0-9]{1,9})</span>#iU','0','','','0','','0','0','17','0','','0'),
('207','travel_weeks','adult_0','','0','','1','id','','id','#<span id=&#34;LINE_PIRCE01&#34;>([0-9]{0,10})</span>#iU','0','','','0','','0','0','17','0','','0'),
('206','travel_weeks','adult_6','','0','','1','id','','id','#<span id=&#34;LINE_PIRCE01&#34;>([0-9]{0,10})</span>#iU','0','','','0','','0','0','17','0','','0'),
('205','travel_weeks','adult_5','','0','','1','id','','id','#<span id=&#34;LINE_PIRCE01&#34;>([0-9]{0,10})</span>#iU','0','','','0','','0','0','17','0','','0'),
('204','travel_weeks','adult_4','','0','','1','id','','id','#<span id=&#34;LINE_PIRCE01&#34;>([0-9]{0,10})</span>#iU','0','','','0','','0','0','17','0','','0'),
('203','travel_weeks','adult_3','','0','','1','id','','id','#<span id=&#34;LINE_PIRCE01&#34;>([0-9]{0,10})</span>#iU','0','','','0','','0','0','17','0','','0'),
('202','travel_weeks','adult_2','','0','','1','id','','id','#<span id=&#34;LINE_PIRCE01&#34;>([0-9]{0,10})</span>#iU','0','','','0','','0','0','17','0','','0'),
('201','travel_weeks','adult_1','','0','','1','id','','id','#<span id=&#34;LINE_PIRCE01&#34;>([0-9]{0,10})</span>#iU','0','','','0','','0','0','17','0','','0'),
('200','travel_weeks','line_id','','0','','4','id','','id','','0','','','0','','0','0','17','0','','0'),
('199','travel_slider','img','','0','','1','id','','id','#<img src=&#34;(http://uploadmonxin_backslash.boktourmonxin_backslash.com/bk_resources/[0-9]{1,20}/[0-9]{1,20}monxin_backslash.jpg)&#34; />#iU','1','','./program/travel/img/','0','./program/travel/img_thumb/','560','340','17','0','','0'),
('197','travel_line','sequence','0','0','','0','url','','id','','0','','','0','','0','0','17','0','','0'),
('198','travel_slider','line_id','','0','','4','id','','id','','0','','','0','','0','0','17','0','','0'),
('196','travel_line','single_room_price','0','0','','0','url','','id','','0','','','0','','0','0','17','0','','0'),
('194','travel_line','day','0','0','','0','url','','id','','0','','','0','','0','0','17','0','','0'),
('195','travel_line','tag','','0','','0','url','','id','','0','','','0','','0','0','17','0','','0'),
('193','travel_line','icon','','0','','2','icon','','id','','1','','./program/travel/img/','0','./program/travel/img_thumb/','300','200','17','0','','0'),
('192','travel_line','visible','1','0','','0','url','','id','','0','','','0','','0','0','17','0','','0'),
('190','travel_line','reservations','0','0','','0','url','','id','','0','','','0','','0','0','17','0','','0'),
('191','travel_line','visit','0','0','','0','url','','id','','0','','','0','','0','0','17','0','','0'),
('189','travel_line','other','','0','','1','url','','id','#<p id=&#34;Other&#34;>(.*)</p>#iUs','0','','','0','','0','0','17','1','','0'),
('188','travel_line','precautions','','0','','1','url','','id','#<p id=&#34;Cautions&#34;>(.*)</p>#iUs','0','','','0','','0','0','17','1','','0'),
('187','travel_line','shopping_arrangements','','0','','1','url','','id','#<p id=&#34;Shopping_Plan&#34;>(.*)</p>#iUs','0','','','0','','0','0','17','1','','0'),
('186','travel_line','children_arrangements','','0','','1','url','','id','#<p id=&#34;Children_Plan&#34;>(.*)</p>#iUs','0','','','0','','0','0','17','1','','0'),
('185','travel_line','excluding_items','','0','','1','url','','id','#<p id=&#34;NO_Contain_Item&#34;>(.*)</p>#iUs','0','','','0','','0','0','17','1','','0'),
('184','travel_line','included_items','','0','','1','url','','id','#<p id=&#34;Contain_Item&#34;>(.*)</p>#iUs','0','','','0','','0','0','17','1','','0'),
('183','travel_line','advantage','','0','','1','url','','id','#<p id=&#34;LINE_CHARA&#34;>(.*)</p>#iUs','0','','','0','','0','0','17','0','','0'),
('182','travel_line','gift','','0','','1','url','','id','#<p id=&#34;ZSONG&#34;>(.*)</p>#iUs','0','','','0','','0','0','17','0','','0'),
('180','travel_line','go_transportation','','0','','1','url','','id','#<span id=&#34;RAFFIC_01&#34;>(.*)</span>#iU','0','','','0','','0','0','17','0','','0'),
('181','travel_line','back_transportation','','0','','1','url','','id','#<span id=&#34;RAFFIC_02&#34;>(.*)</span>#iU','0','','','0','','0','0','17','0','','0'),
('178','travel_line','username','','0','','0','url','','id','','0','','','0','','0','0','17','0','','0'),
('179','travel_line','from','','0','','1','url','','id','#<span id=&#34;C_SETOUTCITY&#34;>(.*)</span>#iU','0','','','0','','0','0','17','0','','0'),
('174','travel_line','title','','1','','1','url','','id','#<h2><span id=&#34;LINENAME&#34;>(.*)</span></h2>#iU','0','','','0','','0','0','17','0','','0'),
('175','travel_line','diy_id','','0','','1','url','','id','#<p id=&#34;LINE_NO&#34; class=&#34;f14&#34;>(.*)</p>#iU','0','','','0','','0','0','17','0','','0'),
('176','travel_line','time','mktime()','0','','0','url','','id','','0','','','0','','0','0','17','0','','0'),
('177','travel_line','-update-_time','','0','sdf','1','url','','id','sdf','0','','','0','','0','0','17','0','','0'),
('173','travel_line','children_price','0','0','','1','url','','id','#<span id=&#34;LINE_PIRCE02&#34;>([0-9]{1,9})</span>#iU','0','','','0','','0','0','17','0','','0'),
('172','travel_line','adult_price','0','0','','1','icon','xxx','adult_price','#<span id=&#34;LINE_PIRCE01&#34;>([0-9]{0,10})</span>#iU','0','32432','sdr','1','wer','112','332','17','0','','0'),
('171','travel_line','departure_date','0','1','','1','url','','id','#<span id=&#34;TOURDATE&#34;>(.*)</span>#iU','0','','','0','','0','0','17','0','','0'),
('169','travel_line','type','9','1','','0','url','url','id','','0','','','0','','0','0','17','1','sdf','0'),
('170','travel_line','insure','4','0','','0','url','','id','','0','','','0','','0','0','17','0','','0'),
('113','travel_line','type','10','1','','0','url','url','id','','0','','','0','','0','0','16','1','','0'),
('114','travel_line','insure','4','0','','0','url','','id','','0','','','0','','0','0','16','0','','0'),
('115','travel_line','departure_date','0','1','','1','url','','id','#<span id=&#34;TOURDATE&#34;>(.*)</span>#iU','0','','','0','','0','0','16','0','','0'),
('116','travel_line','adult_price','0','0','','1','icon','xxx','adult_price','#<span id=&#34;LINE_PIRCE01&#34;>([0-9]{0,10})</span>#iU','0','32432','sdr','1','wer','112','332','16','0','','0'),
('117','travel_line','children_price','0','0','','1','url','','id','#<span id=&#34;LINE_PIRCE02&#34;>([0-9]{1,9})</span>#iU','0','','','0','','0','0','16','0','','0'),
('118','travel_line','title','','1','','1','url','','id','#<h2><span id=&#34;LINENAME&#34;>(.*)</span></h2>#iU','0','','','0','','0','0','16','0','','0'),
('119','travel_line','diy_id','','0','','1','url','','id','#<p id=&#34;LINE_NO&#34; class=&#34;f14&#34;>(.*)</p>#iU','0','','','0','','0','0','16','0','','0'),
('120','travel_line','time','mktime()','0','','0','url','','id','','0','','','0','','0','0','16','0','','0');m;o;n;
INSERT INTO `monxin_copy_field` (`id`,`table`,`field`,`default_value`,`auto_update`,`replace_to`,`data_source_type`,`data_source_2`,`data_source_3`,`data_source_4`,`extract_reg`,`data_type`,`data_type_file_save_path`,`data_type_img_save_path`,`data_type_img_imageMark`,`data_type_img_thumb_save_path`,`data_type_img_thumb_width`,`data_type_img_thumb_height`,`regular_id`,`allow_html`,`html_img_save_path`,`html_img_watermark`) VALUES
('121','travel_line','-update-_time','','0','sdf','1','url','','id','sdf','0','','','0','','0','0','16','0','','0'),
('122','travel_line','username','','0','','0','url','','id','','0','','','0','','0','0','16','0','','0'),
('123','travel_line','from','','0','','1','url','','id','#<span id=&#34;C_SETOUTCITY&#34;>(.*)</span>#iU','0','','','0','','0','0','16','0','','0'),
('124','travel_line','go_transportation','','0','','1','url','','id','#<span id=&#34;RAFFIC_01&#34;>(.*)</span>#iU','0','','','0','','0','0','16','0','','0'),
('125','travel_line','back_transportation','','0','','1','url','','id','#<span id=&#34;RAFFIC_02&#34;>(.*)</span>#iU','0','','','0','','0','0','16','0','','0'),
('126','travel_line','gift','','0','','1','url','','id','#<p id=&#34;ZSONG&#34;>(.*)</p>#iUs','0','','','0','','0','0','16','0','','0'),
('127','travel_line','advantage','','0','','1','url','','id','#<p id=&#34;LINE_CHARA&#34;>(.*)</p>#iUs','0','','','0','','0','0','16','0','','0'),
('128','travel_line','included_items','','0','','1','url','','id','#<p id=&#34;Contain_Item&#34;>(.*)</p>#iUs','0','','','0','','0','0','16','1','','0'),
('129','travel_line','excluding_items','','0','','1','url','','id','#<p id=&#34;NO_Contain_Item&#34;>(.*)</p>#iUs','0','','','0','','0','0','16','1','','0'),
('130','travel_line','children_arrangements','','0','','1','url','','id','#<p id=&#34;Children_Plan&#34;>(.*)</p>#iUs','0','','','0','','0','0','16','1','','0'),
('131','travel_line','shopping_arrangements','','0','','1','url','','id','#<p id=&#34;Shopping_Plan&#34;>(.*)</p>#iUs','0','','','0','','0','0','16','1','','0'),
('132','travel_line','precautions','','0','','1','url','','id','#<p id=&#34;Cautions&#34;>(.*)</p>#iUs','0','','','0','','0','0','16','1','','0'),
('133','travel_line','other','','0','','1','url','','id','#<p id=&#34;Other&#34;>(.*)</p>#iUs','0','','','0','','0','0','16','1','','0'),
('134','travel_line','reservations','0','0','','0','url','','id','','0','','','0','','0','0','16','0','','0'),
('135','travel_line','visit','0','0','','0','url','','id','','0','','','0','','0','0','16','0','','0'),
('136','travel_line','visible','1','0','','0','url','','id','','0','','','0','','0','0','16','0','','0'),
('137','travel_line','icon','','0','','2','icon','','id','','1','','./program/travel/img/','0','./program/travel/img_thumb/','300','200','16','0','','0'),
('138','travel_line','day','0','0','','0','url','','id','','0','','','0','','0','0','16','0','','0'),
('139','travel_line','tag','','0','','0','url','','id','','0','','','0','','0','0','16','0','','0'),
('140','travel_line','single_room_price','0','0','','0','url','','id','','0','','','0','','0','0','16','0','','0'),
('141','travel_line','sequence','0','0','','0','url','','id','','0','','','0','','0','0','16','0','','0'),
('142','travel_slider','line_id','','0','','4','id','','id','','0','','','0','','0','0','16','0','','0'),
('143','travel_slider','img','','0','','1','id','','id','#<img src=&#34;(http://uploadmonxin_backslash.boktourmonxin_backslash.com/bk_resources/[0-9]{1,20}/[0-9]{1,20}monxin_backslash.jpg)&#34; />#iU','1','','./program/travel/img/','0','./program/travel/img_thumb/','560','340','16','0','','0'),
('144','travel_weeks','line_id','','0','','4','id','','id','','0','','','0','','0','0','16','0','','0'),
('145','travel_weeks','adult_1','','0','','1','id','','id','#<span id=&#34;LINE_PIRCE01&#34;>([0-9]{0,10})</span>#iU','0','','','0','','0','0','16','0','','0'),
('146','travel_weeks','adult_2','','0','','1','id','','id','#<span id=&#34;LINE_PIRCE01&#34;>([0-9]{0,10})</span>#iU','0','','','0','','0','0','16','0','','0'),
('147','travel_weeks','adult_3','','0','','1','id','','id','#<span id=&#34;LINE_PIRCE01&#34;>([0-9]{0,10})</span>#iU','0','','','0','','0','0','16','0','','0'),
('148','travel_weeks','adult_4','','0','','1','id','','id','#<span id=&#34;LINE_PIRCE01&#34;>([0-9]{0,10})</span>#iU','0','','','0','','0','0','16','0','','0'),
('149','travel_weeks','adult_5','','0','','1','id','','id','#<span id=&#34;LINE_PIRCE01&#34;>([0-9]{0,10})</span>#iU','0','','','0','','0','0','16','0','','0'),
('150','travel_weeks','adult_6','','0','','1','id','','id','#<span id=&#34;LINE_PIRCE01&#34;>([0-9]{0,10})</span>#iU','0','','','0','','0','0','16','0','','0'),
('151','travel_weeks','adult_0','','0','','1','id','','id','#<span id=&#34;LINE_PIRCE01&#34;>([0-9]{0,10})</span>#iU','0','','','0','','0','0','16','0','','0'),
('152','travel_weeks','children_0','','0','','1','id','','id','#<span id=&#34;LINE_PIRCE02&#34;>([0-9]{1,9})</span>#iU','0','','','0','','0','0','16','0','','0'),
('153','travel_weeks','children_6','','0','','1','id','','id','#<span id=&#34;LINE_PIRCE02&#34;>([0-9]{1,9})</span>#iU','0','','','0','','0','0','16','0','','0'),
('154','travel_weeks','children_5','','0','','1','id','','id','#<span id=&#34;LINE_PIRCE02&#34;>([0-9]{1,9})</span>#iU','0','','','0','','0','0','16','0','','0'),
('155','travel_weeks','children_4','','0','','1','id','','id','#<span id=&#34;LINE_PIRCE02&#34;>([0-9]{1,9})</span>#iU','0','','','0','','0','0','16','0','','0'),
('156','travel_weeks','children_3','','0','','1','id','','id','#<span id=&#34;LINE_PIRCE02&#34;>([0-9]{1,9})</span>#iU','0','','','0','','0','0','16','0','','0'),
('157','travel_weeks','children_2','','0','','1','id','','id','#<span id=&#34;LINE_PIRCE02&#34;>([0-9]{1,9})</span>#iU','0','','','0','','0','0','16','0','','0'),
('158','travel_weeks','children_1','','0','','1','id','','id','#<span id=&#34;LINE_PIRCE02&#34;>([0-9]{1,9})</span>#iU','0','','','0','','0','0','16','0','','0'),
('159','travel_day','line_id','','0','','4','id','','id','','0','','','0','','0','0','16','0','','0'),
('160','travel_day','tips','','0','','1','id','','id','#<h3>温馨提示</h3><p>(.*)</p>#iUs','0','','','0','','0','0','16','1','','0'),
('161','travel_day','start','','0','','1','id','','id','#<td class=&#34;nr days-info&#34; style=&#34;text-align:left;&#34;>(.*)&nbsp;<span#iUs','0','','','0','','0','0','16','0','','0'),
('162','travel_day','transportation','','0','','1','id','','id','#<td class=&#34;nr days-info&#34; style=&#34;text-align:left;&#34;>.*&nbsp;<span class=&#34;(.*)&#34;></span>#iUs','0','','','0','','0','0','16','0','','0'),
('163','travel_day','end','','0','','1','id','','id','#<td class=&#34;nr days-info&#34; style=&#34;text-align:left;&#34;>.*&nbsp;<span class=&#34;.*&#34;></span>&nbsp;(.*)</td>#iUs','0','','','0','','0','0','16','0','','0'),
('164','travel_day','detail','','0','#<div class=&#34;xc-prompt&#34;>.*</div>#iUs===,,,
#<a .*>#iUs===,,,
#</a>#iUs===,,,
#<li>#iU===<li style=&#34;list-style:none;display:inline-block;text-align:center; padding:20px;&#34;>,,,
#<img#iU===<img style=max-width:300px,,,

','1','id','','id','#<tr><td class=&#34;days&#34;></td><td class=&#34;nr xc-info&#34;>(.*)</li></ul>#iUs','0','','','0','','0','0','16','1','./program/travel/attachd/image/','0'),
('165','travel_day','lodging','','0','','1','id','','id','#<li class=&#34;hotel&#34;><div class=&#34;fl&#34;>住宿：</div><span class=&#34;fl&#34;>(.*)</span></li>#iUs','0','','','0','','0','0','16','0','','0'),
('166','travel_day','breakfast','','0','','1','id','','id','#<li class=&#34;food&#34;><div class=&#34;fl&#34;>早餐：</div><span class=&#34;fl&#34;>(.*)</span>#iUs','0','','','0','','0','0','16','0','','0'),
('167','travel_day','lunch','','0','','1','id','','id','#<div class=&#34;fl ml25&#34;>中餐：</div><span class=&#34;fl&#34;>(.*)</span>#iUs','0','','','0','','0','0','16','0','','0'),
('168','travel_day','dinner','','0','','1','id','','id','#<div class=&#34;fl ml25&#34;>晚餐：</div><span class=&#34;fl&#34;>(.*)</span>#iUs','0','','','0','','0','0','16','0','','0'),
('218','travel_day','transportation','','0','','1','id','','id','#<td class=&#34;nr days-info&#34; style=&#34;text-align:left;&#34;>.*&nbsp;<span class=&#34;(.*)&#34;></span>#iUs','0','','','0','','0','0','17','0','','0'),
('219','travel_day','end','','0','','1','id','','id','#<td class=&#34;nr days-info&#34; style=&#34;text-align:left;&#34;>.*&nbsp;<span class=&#34;.*&#34;></span>&nbsp;(.*)</td>#iUs','0','','','0','','0','0','17','0','','0');m;o;n;
INSERT INTO `monxin_copy_field` (`id`,`table`,`field`,`default_value`,`auto_update`,`replace_to`,`data_source_type`,`data_source_2`,`data_source_3`,`data_source_4`,`extract_reg`,`data_type`,`data_type_file_save_path`,`data_type_img_save_path`,`data_type_img_imageMark`,`data_type_img_thumb_save_path`,`data_type_img_thumb_width`,`data_type_img_thumb_height`,`regular_id`,`allow_html`,`html_img_save_path`,`html_img_watermark`) VALUES
('220','travel_day','detail','','0','#<div class=&#34;xc-prompt&#34;>.*</div>#iUs===,,,
#<a .*>#iUs===,,,
#</a>#iUs===,,,
#<li>#iU===<li style=&#34;list-style:none;display:inline-block;text-align:center; padding:20px;&#34;>,,,
#<img#iU===<img style=max-width:300px,,,

','1','id','','id','#<tr><td class=&#34;days&#34;></td><td class=&#34;nr xc-info&#34;>(.*)</li></ul>#iUs','0','','','0','','0','0','17','1','./program/travel/attachd/image/','0'),
('221','travel_day','lodging','','0','','1','id','','id','#<li class=&#34;hotel&#34;><div class=&#34;fl&#34;>住宿：</div><span class=&#34;fl&#34;>(.*)</span></li>#iUs','0','','','0','','0','0','17','0','','0'),
('222','travel_day','breakfast','','0','','1','id','','id','#<li class=&#34;food&#34;><div class=&#34;fl&#34;>早餐：</div><span class=&#34;fl&#34;>(.*)</span>#iUs','0','','','0','','0','0','17','0','','0'),
('223','travel_day','lunch','','0','','1','id','','id','#<div class=&#34;fl ml25&#34;>中餐：</div><span class=&#34;fl&#34;>(.*)</span>#iUs','0','','','0','','0','0','17','0','','0'),
('224','travel_day','dinner','','0','','1','id','','id','#<div class=&#34;fl ml25&#34;>晚餐：</div><span class=&#34;fl&#34;>(.*)</span>#iUs','0','','','0','','0','0','17','0','','0'),
('225','travel_line','type','9','1','','0','url','url','id','','0','','','0','','0','0','18','1','sdf','0'),
('226','travel_line','insure','4','0','','0','url','','id','','0','','','0','','0','0','18','0','','0'),
('227','travel_line','departure_date','0','1','','1','url','','id','#<span id=&#34;TOURDATE&#34;>(.*)</span>#iU','0','','','0','','0','0','18','0','','0'),
('228','travel_line','adult_price','0','0','','1','icon','xxx','adult_price','#<span id=&#34;LINE_PIRCE01&#34;>([0-9]{0,10})</span>#iU','0','32432','sdr','1','wer','112','332','18','0','','0'),
('229','travel_line','children_price','0','0','','1','url','','id','#<span id=&#34;LINE_PIRCE02&#34;>([0-9]{1,9})</span>#iU','0','','','0','','0','0','18','0','','0'),
('230','travel_line','title','','1','','1','url','','id','#<h2><span id=&#34;LINENAME&#34;>(.*)</span></h2>#iU','0','','','0','','0','0','18','0','','0'),
('231','travel_line','diy_id','','0','','1','url','','id','#<p id=&#34;LINE_NO&#34; class=&#34;f14&#34;>(.*)</p>#iU','0','','','0','','0','0','18','0','','0'),
('232','travel_line','time','mktime()','0','','0','url','','id','','0','','','0','','0','0','18','0','','0'),
('233','travel_line','-update-_time','','0','sdf','1','url','','id','sdf','0','','','0','','0','0','18','0','','0'),
('234','travel_line','username','','0','','0','url','','id','','0','','','0','','0','0','18','0','','0'),
('235','travel_line','from','','0','','1','url','','id','#<span id=&#34;C_SETOUTCITY&#34;>(.*)</span>#iU','0','','','0','','0','0','18','0','','0'),
('236','travel_line','go_transportation','','0','','1','url','','id','#<span id=&#34;RAFFIC_01&#34;>(.*)</span>#iU','0','','','0','','0','0','18','0','','0'),
('237','travel_line','back_transportation','','0','','1','url','','id','#<span id=&#34;RAFFIC_02&#34;>(.*)</span>#iU','0','','','0','','0','0','18','0','','0'),
('238','travel_line','gift','','0','','1','url','','id','#<p id=&#34;ZSONG&#34;>(.*)</p>#iUs','0','','','0','','0','0','18','0','','0'),
('239','travel_line','advantage','','0','','1','url','','id','#<p id=&#34;LINE_CHARA&#34;>(.*)</p>#iUs','0','','','0','','0','0','18','0','','0'),
('240','travel_line','included_items','','0','','1','url','','id','#<p id=&#34;Contain_Item&#34;>(.*)</p>#iUs','0','','','0','','0','0','18','1','','0'),
('241','travel_line','excluding_items','','0','','1','url','','id','#<p id=&#34;NO_Contain_Item&#34;>(.*)</p>#iUs','0','','','0','','0','0','18','1','','0'),
('242','travel_line','children_arrangements','','0','','1','url','','id','#<p id=&#34;Children_Plan&#34;>(.*)</p>#iUs','0','','','0','','0','0','18','1','','0'),
('243','travel_line','shopping_arrangements','','0','','1','url','','id','#<p id=&#34;Shopping_Plan&#34;>(.*)</p>#iUs','0','','','0','','0','0','18','1','','0'),
('244','travel_line','precautions','','0','','1','url','','id','#<p id=&#34;Cautions&#34;>(.*)</p>#iUs','0','','','0','','0','0','18','1','','0'),
('245','travel_line','other','','0','','1','url','','id','#<p id=&#34;Other&#34;>(.*)</p>#iUs','0','','','0','','0','0','18','1','','0'),
('246','travel_line','reservations','0','0','','0','url','','id','','0','','','0','','0','0','18','0','','0'),
('247','travel_line','visit','0','0','','0','url','','id','','0','','','0','','0','0','18','0','','0'),
('248','travel_line','visible','1','0','','0','url','','id','','0','','','0','','0','0','18','0','','0'),
('249','travel_line','icon','','0','','2','icon','','id','','1','','./program/travel/img/','0','./program/travel/img_thumb/','300','200','18','0','','0'),
('250','travel_line','day','0','0','','0','url','','id','','0','','','0','','0','0','18','0','','0'),
('251','travel_line','tag','','0','','0','url','','id','','0','','','0','','0','0','18','0','','0'),
('252','travel_line','single_room_price','0','0','','0','url','','id','','0','','','0','','0','0','18','0','','0'),
('253','travel_line','sequence','0','0','','0','url','','id','','0','','','0','','0','0','18','0','','0'),
('254','travel_slider','line_id','','0','','4','id','','id','','0','','','0','','0','0','18','0','','0'),
('255','travel_slider','img','','0','','1','id','','id','#<img src=&#34;(http://uploadmonxin_backslash.boktourmonxin_backslash.com/bk_resources/[0-9]{1,20}/[0-9]{1,20}monxin_backslash.jpg)&#34; />#iU','1','','./program/travel/img/','0','./program/travel/img_thumb/','560','340','18','0','','0'),
('256','travel_weeks','line_id','','0','','4','id','','id','','0','','','0','','0','0','18','0','','0'),
('257','travel_weeks','adult_1','','0','','1','id','','id','#<span id=&#34;LINE_PIRCE01&#34;>([0-9]{0,10})</span>#iU','0','','','0','','0','0','18','0','','0'),
('258','travel_weeks','adult_2','','0','','1','id','','id','#<span id=&#34;LINE_PIRCE01&#34;>([0-9]{0,10})</span>#iU','0','','','0','','0','0','18','0','','0'),
('259','travel_weeks','adult_3','','0','','1','id','','id','#<span id=&#34;LINE_PIRCE01&#34;>([0-9]{0,10})</span>#iU','0','','','0','','0','0','18','0','','0'),
('260','travel_weeks','adult_4','','0','','1','id','','id','#<span id=&#34;LINE_PIRCE01&#34;>([0-9]{0,10})</span>#iU','0','','','0','','0','0','18','0','','0'),
('261','travel_weeks','adult_5','','0','','1','id','','id','#<span id=&#34;LINE_PIRCE01&#34;>([0-9]{0,10})</span>#iU','0','','','0','','0','0','18','0','','0'),
('262','travel_weeks','adult_6','','0','','1','id','','id','#<span id=&#34;LINE_PIRCE01&#34;>([0-9]{0,10})</span>#iU','0','','','0','','0','0','18','0','','0'),
('263','travel_weeks','adult_0','','0','','1','id','','id','#<span id=&#34;LINE_PIRCE01&#34;>([0-9]{0,10})</span>#iU','0','','','0','','0','0','18','0','','0'),
('264','travel_weeks','children_0','','0','','1','id','','id','#<span id=&#34;LINE_PIRCE02&#34;>([0-9]{1,9})</span>#iU','0','','','0','','0','0','18','0','','0'),
('265','travel_weeks','children_6','','0','','1','id','','id','#<span id=&#34;LINE_PIRCE02&#34;>([0-9]{1,9})</span>#iU','0','','','0','','0','0','18','0','','0'),
('266','travel_weeks','children_5','','0','','1','id','','id','#<span id=&#34;LINE_PIRCE02&#34;>([0-9]{1,9})</span>#iU','0','','','0','','0','0','18','0','','0'),
('267','travel_weeks','children_4','','0','','1','id','','id','#<span id=&#34;LINE_PIRCE02&#34;>([0-9]{1,9})</span>#iU','0','','','0','','0','0','18','0','','0'),
('268','travel_weeks','children_3','','0','','1','id','','id','#<span id=&#34;LINE_PIRCE02&#34;>([0-9]{1,9})</span>#iU','0','','','0','','0','0','18','0','','0'),
('269','travel_weeks','children_2','','0','','1','id','','id','#<span id=&#34;LINE_PIRCE02&#34;>([0-9]{1,9})</span>#iU','0','','','0','','0','0','18','0','','0');m;o;n;
INSERT INTO `monxin_copy_field` (`id`,`table`,`field`,`default_value`,`auto_update`,`replace_to`,`data_source_type`,`data_source_2`,`data_source_3`,`data_source_4`,`extract_reg`,`data_type`,`data_type_file_save_path`,`data_type_img_save_path`,`data_type_img_imageMark`,`data_type_img_thumb_save_path`,`data_type_img_thumb_width`,`data_type_img_thumb_height`,`regular_id`,`allow_html`,`html_img_save_path`,`html_img_watermark`) VALUES
('270','travel_weeks','children_1','','0','','1','id','','id','#<span id=&#34;LINE_PIRCE02&#34;>([0-9]{1,9})</span>#iU','0','','','0','','0','0','18','0','','0'),
('271','travel_day','line_id','','0','','4','id','','id','','0','','','0','','0','0','18','0','','0'),
('272','travel_day','tips','','0','','1','id','','id','#<h3>温馨提示</h3><p>(.*)</p>#iUs','0','','','0','','0','0','18','1','','0'),
('273','travel_day','start','','0','','1','id','','id','#<td class=&#34;nr days-info&#34; style=&#34;text-align:left;&#34;>(.*)&nbsp;<span#iUs','0','','','0','','0','0','18','0','','0'),
('274','travel_day','transportation','','0','','1','id','','id','#<td class=&#34;nr days-info&#34; style=&#34;text-align:left;&#34;>.*&nbsp;<span class=&#34;(.*)&#34;></span>#iUs','0','','','0','','0','0','18','0','','0'),
('275','travel_day','end','','0','','1','id','','id','#<td class=&#34;nr days-info&#34; style=&#34;text-align:left;&#34;>.*&nbsp;<span class=&#34;.*&#34;></span>&nbsp;(.*)</td>#iUs','0','','','0','','0','0','18','0','','0'),
('276','travel_day','detail','','0','#<div class=&#34;xc-prompt&#34;>.*</div>#iUs===,,,
#<a .*>#iUs===,,,
#</a>#iUs===,,,
#<li>#iU===<li style=&#34;list-style:none;display:inline-block;text-align:center; padding:20px;&#34;>,,,
#<img#iU===<img style=max-width:300px,,,

','1','id','','id','#<tr><td class=&#34;days&#34;></td><td class=&#34;nr xc-info&#34;>(.*)</li></ul>#iUs','0','','','0','','0','0','18','1','./program/travel/attachd/image/','0'),
('277','travel_day','lodging','','0','','1','id','','id','#<li class=&#34;hotel&#34;><div class=&#34;fl&#34;>住宿：</div><span class=&#34;fl&#34;>(.*)</span></li>#iUs','0','','','0','','0','0','18','0','','0'),
('278','travel_day','breakfast','','0','','1','id','','id','#<li class=&#34;food&#34;><div class=&#34;fl&#34;>早餐：</div><span class=&#34;fl&#34;>(.*)</span>#iUs','0','','','0','','0','0','18','0','','0'),
('279','travel_day','lunch','','0','','1','id','','id','#<div class=&#34;fl ml25&#34;>中餐：</div><span class=&#34;fl&#34;>(.*)</span>#iUs','0','','','0','','0','0','18','0','','0'),
('280','travel_day','dinner','','0','','1','id','','id','#<div class=&#34;fl ml25&#34;>晚餐：</div><span class=&#34;fl&#34;>(.*)</span>#iUs','0','','','0','','0','0','18','0','','0'),
('281','travel_line','type','9','1','','0','url','url','id','','0','','','0','','0','0','19','1','sdf','0'),
('282','travel_line','insure','4','0','','0','url','','id','','0','','','0','','0','0','19','0','','0'),
('283','travel_line','departure_date','0','1','','1','url','','id','#<span id=&#34;TOURDATE&#34;>(.*)</span>#iU','0','','','0','','0','0','19','0','','0'),
('284','travel_line','adult_price','0','0','','1','icon','xxx','adult_price','#<span id=&#34;LINE_PIRCE01&#34;>([0-9]{0,10})</span>#iU','0','32432','sdr','1','wer','112','332','19','0','','0'),
('285','travel_line','children_price','0','0','','1','url','','id','#<span id=&#34;LINE_PIRCE02&#34;>([0-9]{1,9})</span>#iU','0','','','0','','0','0','19','0','','0'),
('286','travel_line','title','','1','','1','url','','id','#<h2><span id=&#34;LINENAME&#34;>(.*)</span></h2>#iU','0','','','0','','0','0','19','0','','0'),
('287','travel_line','diy_id','','0','','1','url','','id','#<p id=&#34;LINE_NO&#34; class=&#34;f14&#34;>(.*)</p>#iU','0','','','0','','0','0','19','0','','0'),
('288','travel_line','time','mktime()','0','','0','url','','id','','0','','','0','','0','0','19','0','','0'),
('289','travel_line','-update-_time','','0','sdf','1','url','','id','sdf','0','','','0','','0','0','19','0','','0'),
('290','travel_line','username','','0','','0','url','','id','','0','','','0','','0','0','19','0','','0'),
('291','travel_line','from','','0','','1','url','','id','#<span id=&#34;C_SETOUTCITY&#34;>(.*)</span>#iU','0','','','0','','0','0','19','0','','0'),
('292','travel_line','go_transportation','','0','','1','url','','id','#<span id=&#34;RAFFIC_01&#34;>(.*)</span>#iU','0','','','0','','0','0','19','0','','0'),
('293','travel_line','back_transportation','','0','','1','url','','id','#<span id=&#34;RAFFIC_02&#34;>(.*)</span>#iU','0','','','0','','0','0','19','0','','0'),
('294','travel_line','gift','','0','','1','url','','id','#<p id=&#34;ZSONG&#34;>(.*)</p>#iUs','0','','','0','','0','0','19','0','','0'),
('295','travel_line','advantage','','0','','1','url','','id','#<p id=&#34;LINE_CHARA&#34;>(.*)</p>#iUs','0','','','0','','0','0','19','0','','0'),
('296','travel_line','included_items','','0','','1','url','','id','#<p id=&#34;Contain_Item&#34;>(.*)</p>#iUs','0','','','0','','0','0','19','1','','0'),
('297','travel_line','excluding_items','','0','','1','url','','id','#<p id=&#34;NO_Contain_Item&#34;>(.*)</p>#iUs','0','','','0','','0','0','19','1','','0'),
('298','travel_line','children_arrangements','','0','','1','url','','id','#<p id=&#34;Children_Plan&#34;>(.*)</p>#iUs','0','','','0','','0','0','19','1','','0'),
('299','travel_line','shopping_arrangements','','0','','1','url','','id','#<p id=&#34;Shopping_Plan&#34;>(.*)</p>#iUs','0','','','0','','0','0','19','1','','0'),
('300','travel_line','precautions','','0','','1','url','','id','#<p id=&#34;Cautions&#34;>(.*)</p>#iUs','0','','','0','','0','0','19','1','','0'),
('301','travel_line','other','','0','','1','url','','id','#<p id=&#34;Other&#34;>(.*)</p>#iUs','0','','','0','','0','0','19','1','','0'),
('302','travel_line','reservations','0','0','','0','url','','id','','0','','','0','','0','0','19','0','','0'),
('303','travel_line','visit','0','0','','0','url','','id','','0','','','0','','0','0','19','0','','0'),
('304','travel_line','visible','1','0','','0','url','','id','','0','','','0','','0','0','19','0','','0'),
('305','travel_line','icon','','0','','2','icon','','id','','1','','./program/travel/img/','0','./program/travel/img_thumb/','300','200','19','0','','0'),
('306','travel_line','day','0','0','','0','url','','id','','0','','','0','','0','0','19','0','','0'),
('307','travel_line','tag','','0','','0','url','','id','','0','','','0','','0','0','19','0','','0'),
('308','travel_line','single_room_price','0','0','','0','url','','id','','0','','','0','','0','0','19','0','','0'),
('309','travel_line','sequence','0','0','','0','url','','id','','0','','','0','','0','0','19','0','','0'),
('310','travel_slider','line_id','','0','','4','id','','id','','0','','','0','','0','0','19','0','','0'),
('311','travel_slider','img','','0','','1','id','','id','#<img src=&#34;(http://uploadmonxin_backslash.boktourmonxin_backslash.com/bk_resources/[0-9]{1,20}/[0-9]{1,20}monxin_backslash.jpg)&#34; />#iU','1','','./program/travel/img/','0','./program/travel/img_thumb/','560','340','19','0','','0'),
('312','travel_weeks','line_id','','0','','4','id','','id','','0','','','0','','0','0','19','0','','0'),
('313','travel_weeks','adult_1','','0','','1','id','','id','#<span id=&#34;LINE_PIRCE01&#34;>([0-9]{0,10})</span>#iU','0','','','0','','0','0','19','0','','0'),
('314','travel_weeks','adult_2','','0','','1','id','','id','#<span id=&#34;LINE_PIRCE01&#34;>([0-9]{0,10})</span>#iU','0','','','0','','0','0','19','0','','0'),
('315','travel_weeks','adult_3','','0','','1','id','','id','#<span id=&#34;LINE_PIRCE01&#34;>([0-9]{0,10})</span>#iU','0','','','0','','0','0','19','0','','0'),
('316','travel_weeks','adult_4','','0','','1','id','','id','#<span id=&#34;LINE_PIRCE01&#34;>([0-9]{0,10})</span>#iU','0','','','0','','0','0','19','0','','0'),
('317','travel_weeks','adult_5','','0','','1','id','','id','#<span id=&#34;LINE_PIRCE01&#34;>([0-9]{0,10})</span>#iU','0','','','0','','0','0','19','0','','0'),
('318','travel_weeks','adult_6','','0','','1','id','','id','#<span id=&#34;LINE_PIRCE01&#34;>([0-9]{0,10})</span>#iU','0','','','0','','0','0','19','0','','0'),
('319','travel_weeks','adult_0','','0','','1','id','','id','#<span id=&#34;LINE_PIRCE01&#34;>([0-9]{0,10})</span>#iU','0','','','0','','0','0','19','0','','0');m;o;n;
INSERT INTO `monxin_copy_field` (`id`,`table`,`field`,`default_value`,`auto_update`,`replace_to`,`data_source_type`,`data_source_2`,`data_source_3`,`data_source_4`,`extract_reg`,`data_type`,`data_type_file_save_path`,`data_type_img_save_path`,`data_type_img_imageMark`,`data_type_img_thumb_save_path`,`data_type_img_thumb_width`,`data_type_img_thumb_height`,`regular_id`,`allow_html`,`html_img_save_path`,`html_img_watermark`) VALUES
('320','travel_weeks','children_0','','0','','1','id','','id','#<span id=&#34;LINE_PIRCE02&#34;>([0-9]{1,9})</span>#iU','0','','','0','','0','0','19','0','','0'),
('321','travel_weeks','children_6','','0','','1','id','','id','#<span id=&#34;LINE_PIRCE02&#34;>([0-9]{1,9})</span>#iU','0','','','0','','0','0','19','0','','0'),
('322','travel_weeks','children_5','','0','','1','id','','id','#<span id=&#34;LINE_PIRCE02&#34;>([0-9]{1,9})</span>#iU','0','','','0','','0','0','19','0','','0'),
('323','travel_weeks','children_4','','0','','1','id','','id','#<span id=&#34;LINE_PIRCE02&#34;>([0-9]{1,9})</span>#iU','0','','','0','','0','0','19','0','','0'),
('324','travel_weeks','children_3','','0','','1','id','','id','#<span id=&#34;LINE_PIRCE02&#34;>([0-9]{1,9})</span>#iU','0','','','0','','0','0','19','0','','0'),
('325','travel_weeks','children_2','','0','','1','id','','id','#<span id=&#34;LINE_PIRCE02&#34;>([0-9]{1,9})</span>#iU','0','','','0','','0','0','19','0','','0'),
('326','travel_weeks','children_1','','0','','1','id','','id','#<span id=&#34;LINE_PIRCE02&#34;>([0-9]{1,9})</span>#iU','0','','','0','','0','0','19','0','','0'),
('327','travel_day','line_id','','0','','4','id','','id','','0','','','0','','0','0','19','0','','0'),
('328','travel_day','tips','','0','','1','id','','id','#<h3>温馨提示</h3><p>(.*)</p>#iUs','0','','','0','','0','0','19','1','','0'),
('329','travel_day','start','','0','','1','id','','id','#<td class=&#34;nr days-info&#34; style=&#34;text-align:left;&#34;>(.*)&nbsp;<span#iUs','0','','','0','','0','0','19','0','','0'),
('330','travel_day','transportation','','0','','1','id','','id','#<td class=&#34;nr days-info&#34; style=&#34;text-align:left;&#34;>.*&nbsp;<span class=&#34;(.*)&#34;></span>#iUs','0','','','0','','0','0','19','0','','0'),
('331','travel_day','end','','0','','1','id','','id','#<td class=&#34;nr days-info&#34; style=&#34;text-align:left;&#34;>.*&nbsp;<span class=&#34;.*&#34;></span>&nbsp;(.*)</td>#iUs','0','','','0','','0','0','19','0','','0'),
('332','travel_day','detail','','0','#<div class=&#34;xc-prompt&#34;>.*</div>#iUs===,,,
#<a .*>#iUs===,,,
#</a>#iUs===,,,
#<li>#iU===<li style=&#34;list-style:none;display:inline-block;text-align:center; padding:20px;&#34;>,,,
#<img#iU===<img style=max-width:300px,,,

','1','id','','id','#<tr><td class=&#34;days&#34;></td><td class=&#34;nr xc-info&#34;>(.*)</li></ul>#iUs','0','','','0','','0','0','19','1','./program/travel/attachd/image/','0'),
('333','travel_day','lodging','','0','','1','id','','id','#<li class=&#34;hotel&#34;><div class=&#34;fl&#34;>住宿：</div><span class=&#34;fl&#34;>(.*)</span></li>#iUs','0','','','0','','0','0','19','0','','0'),
('334','travel_day','breakfast','','0','','1','id','','id','#<li class=&#34;food&#34;><div class=&#34;fl&#34;>早餐：</div><span class=&#34;fl&#34;>(.*)</span>#iUs','0','','','0','','0','0','19','0','','0'),
('335','travel_day','lunch','','0','','1','id','','id','#<div class=&#34;fl ml25&#34;>中餐：</div><span class=&#34;fl&#34;>(.*)</span>#iUs','0','','','0','','0','0','19','0','','0'),
('336','travel_day','dinner','','0','','1','id','','id','#<div class=&#34;fl ml25&#34;>晚餐：</div><span class=&#34;fl&#34;>(.*)</span>#iUs','0','','','0','','0','0','19','0','','0'),
('337','travel_line','type','9','1','','0','url','url','id','','0','','','0','','0','0','20','1','sdf','0'),
('338','travel_line','insure','4','0','','0','url','','id','','0','','','0','','0','0','20','0','','0'),
('339','travel_line','departure_date','0','1','','1','url','','id','#<span id=&#34;TOURDATE&#34;>(.*)</span>#iU','0','','','0','','0','0','20','0','','0'),
('340','travel_line','adult_price','0','0','','1','icon','xxx','adult_price','#<span id=&#34;LINE_PIRCE01&#34;>([0-9]{0,10})</span>#iU','0','32432','sdr','1','wer','112','332','20','0','','0'),
('341','travel_line','children_price','0','0','','1','url','','id','#<span id=&#34;LINE_PIRCE02&#34;>([0-9]{1,9})</span>#iU','0','','','0','','0','0','20','0','','0'),
('342','travel_line','title','','1','','1','url','','id','#<h2><span id=&#34;LINENAME&#34;>(.*)</span></h2>#iU','0','','','0','','0','0','20','0','','0'),
('343','travel_line','diy_id','','0','','1','url','','id','#<p id=&#34;LINE_NO&#34; class=&#34;f14&#34;>(.*)</p>#iU','0','','','0','','0','0','20','0','','0'),
('344','travel_line','time','mktime()','0','','0','url','','id','','0','','','0','','0','0','20','0','','0'),
('345','travel_line','-update-_time','','0','sdf','1','url','','id','sdf','0','','','0','','0','0','20','0','','0'),
('346','travel_line','username','','0','','0','url','','id','','0','','','0','','0','0','20','0','','0'),
('347','travel_line','from','','0','','1','url','','id','#<span id=&#34;C_SETOUTCITY&#34;>(.*)</span>#iU','0','','','0','','0','0','20','0','','0'),
('348','travel_line','go_transportation','','0','','1','url','','id','#<span id=&#34;RAFFIC_01&#34;>(.*)</span>#iU','0','','','0','','0','0','20','0','','0'),
('349','travel_line','back_transportation','','0','','1','url','','id','#<span id=&#34;RAFFIC_02&#34;>(.*)</span>#iU','0','','','0','','0','0','20','0','','0'),
('350','travel_line','gift','','0','','1','url','','id','#<p id=&#34;ZSONG&#34;>(.*)</p>#iUs','0','','','0','','0','0','20','0','','0'),
('351','travel_line','advantage','','0','','1','url','','id','#<p id=&#34;LINE_CHARA&#34;>(.*)</p>#iUs','0','','','0','','0','0','20','0','','0'),
('352','travel_line','included_items','','0','','1','url','','id','#<p id=&#34;Contain_Item&#34;>(.*)</p>#iUs','0','','','0','','0','0','20','1','','0'),
('353','travel_line','excluding_items','','0','','1','url','','id','#<p id=&#34;NO_Contain_Item&#34;>(.*)</p>#iUs','0','','','0','','0','0','20','1','','0'),
('354','travel_line','children_arrangements','','0','','1','url','','id','#<p id=&#34;Children_Plan&#34;>(.*)</p>#iUs','0','','','0','','0','0','20','1','','0'),
('355','travel_line','shopping_arrangements','','0','','1','url','','id','#<p id=&#34;Shopping_Plan&#34;>(.*)</p>#iUs','0','','','0','','0','0','20','1','','0'),
('356','travel_line','precautions','','0','','1','url','','id','#<p id=&#34;Cautions&#34;>(.*)</p>#iUs','0','','','0','','0','0','20','1','','0'),
('357','travel_line','other','','0','','1','url','','id','#<p id=&#34;Other&#34;>(.*)</p>#iUs','0','','','0','','0','0','20','1','','0'),
('358','travel_line','reservations','0','0','','0','url','','id','','0','','','0','','0','0','20','0','','0'),
('359','travel_line','visit','0','0','','0','url','','id','','0','','','0','','0','0','20','0','','0'),
('360','travel_line','visible','1','0','','0','url','','id','','0','','','0','','0','0','20','0','','0'),
('361','travel_line','icon','','0','','2','icon','','id','','1','','./program/travel/img/','0','./program/travel/img_thumb/','300','200','20','0','','0'),
('362','travel_line','day','0','0','','0','url','','id','','0','','','0','','0','0','20','0','','0'),
('363','travel_line','tag','','0','','0','url','','id','','0','','','0','','0','0','20','0','','0'),
('364','travel_line','single_room_price','0','0','','0','url','','id','','0','','','0','','0','0','20','0','','0'),
('365','travel_line','sequence','0','0','','0','url','','id','','0','','','0','','0','0','20','0','','0'),
('366','travel_slider','line_id','','0','','4','id','','id','','0','','','0','','0','0','20','0','','0'),
('367','travel_slider','img','','0','','1','id','','id','#<img src=&#34;(http://uploadmonxin_backslash.boktourmonxin_backslash.com/bk_resources/[0-9]{1,20}/[0-9]{1,20}monxin_backslash.jpg)&#34; />#iU','1','','./program/travel/img/','0','./program/travel/img_thumb/','560','340','20','0','','0'),
('368','travel_weeks','line_id','','0','','4','id','','id','','0','','','0','','0','0','20','0','','0'),
('369','travel_weeks','adult_1','','0','','1','id','','id','#<span id=&#34;LINE_PIRCE01&#34;>([0-9]{0,10})</span>#iU','0','','','0','','0','0','20','0','','0');m;o;n;
INSERT INTO `monxin_copy_field` (`id`,`table`,`field`,`default_value`,`auto_update`,`replace_to`,`data_source_type`,`data_source_2`,`data_source_3`,`data_source_4`,`extract_reg`,`data_type`,`data_type_file_save_path`,`data_type_img_save_path`,`data_type_img_imageMark`,`data_type_img_thumb_save_path`,`data_type_img_thumb_width`,`data_type_img_thumb_height`,`regular_id`,`allow_html`,`html_img_save_path`,`html_img_watermark`) VALUES
('370','travel_weeks','adult_2','','0','','1','id','','id','#<span id=&#34;LINE_PIRCE01&#34;>([0-9]{0,10})</span>#iU','0','','','0','','0','0','20','0','','0'),
('371','travel_weeks','adult_3','','0','','1','id','','id','#<span id=&#34;LINE_PIRCE01&#34;>([0-9]{0,10})</span>#iU','0','','','0','','0','0','20','0','','0'),
('372','travel_weeks','adult_4','','0','','1','id','','id','#<span id=&#34;LINE_PIRCE01&#34;>([0-9]{0,10})</span>#iU','0','','','0','','0','0','20','0','','0'),
('373','travel_weeks','adult_5','','0','','1','id','','id','#<span id=&#34;LINE_PIRCE01&#34;>([0-9]{0,10})</span>#iU','0','','','0','','0','0','20','0','','0'),
('374','travel_weeks','adult_6','','0','','1','id','','id','#<span id=&#34;LINE_PIRCE01&#34;>([0-9]{0,10})</span>#iU','0','','','0','','0','0','20','0','','0'),
('375','travel_weeks','adult_0','','0','','1','id','','id','#<span id=&#34;LINE_PIRCE01&#34;>([0-9]{0,10})</span>#iU','0','','','0','','0','0','20','0','','0'),
('376','travel_weeks','children_0','','0','','1','id','','id','#<span id=&#34;LINE_PIRCE02&#34;>([0-9]{1,9})</span>#iU','0','','','0','','0','0','20','0','','0'),
('377','travel_weeks','children_6','','0','','1','id','','id','#<span id=&#34;LINE_PIRCE02&#34;>([0-9]{1,9})</span>#iU','0','','','0','','0','0','20','0','','0'),
('378','travel_weeks','children_5','','0','','1','id','','id','#<span id=&#34;LINE_PIRCE02&#34;>([0-9]{1,9})</span>#iU','0','','','0','','0','0','20','0','','0'),
('379','travel_weeks','children_4','','0','','1','id','','id','#<span id=&#34;LINE_PIRCE02&#34;>([0-9]{1,9})</span>#iU','0','','','0','','0','0','20','0','','0'),
('380','travel_weeks','children_3','','0','','1','id','','id','#<span id=&#34;LINE_PIRCE02&#34;>([0-9]{1,9})</span>#iU','0','','','0','','0','0','20','0','','0'),
('381','travel_weeks','children_2','','0','','1','id','','id','#<span id=&#34;LINE_PIRCE02&#34;>([0-9]{1,9})</span>#iU','0','','','0','','0','0','20','0','','0'),
('382','travel_weeks','children_1','','0','','1','id','','id','#<span id=&#34;LINE_PIRCE02&#34;>([0-9]{1,9})</span>#iU','0','','','0','','0','0','20','0','','0'),
('383','travel_day','line_id','','0','','4','id','','id','','0','','','0','','0','0','20','0','','0'),
('384','travel_day','tips','','0','','1','id','','id','#<h3>温馨提示</h3><p>(.*)</p>#iUs','0','','','0','','0','0','20','1','','0'),
('385','travel_day','start','','0','','1','id','','id','#<td class=&#34;nr days-info&#34; style=&#34;text-align:left;&#34;>(.*)&nbsp;<span#iUs','0','','','0','','0','0','20','0','','0'),
('386','travel_day','transportation','','0','','1','id','','id','#<td class=&#34;nr days-info&#34; style=&#34;text-align:left;&#34;>.*&nbsp;<span class=&#34;(.*)&#34;></span>#iUs','0','','','0','','0','0','20','0','','0'),
('387','travel_day','end','','0','','1','id','','id','#<td class=&#34;nr days-info&#34; style=&#34;text-align:left;&#34;>.*&nbsp;<span class=&#34;.*&#34;></span>&nbsp;(.*)</td>#iUs','0','','','0','','0','0','20','0','','0'),
('388','travel_day','detail','','0','#<div class=&#34;xc-prompt&#34;>.*</div>#iUs===,,,
#<a .*>#iUs===,,,
#</a>#iUs===,,,
#<li>#iU===<li style=&#34;list-style:none;display:inline-block;text-align:center; padding:20px;&#34;>,,,
#<img#iU===<img style=max-width:300px,,,

','1','id','','id','#<tr><td class=&#34;days&#34;></td><td class=&#34;nr xc-info&#34;>(.*)</li></ul>#iUs','0','','','0','','0','0','20','1','./program/travel/attachd/image/','0'),
('389','travel_day','lodging','','0','','1','id','','id','#<li class=&#34;hotel&#34;><div class=&#34;fl&#34;>住宿：</div><span class=&#34;fl&#34;>(.*)</span></li>#iUs','0','','','0','','0','0','20','0','','0'),
('390','travel_day','breakfast','','0','','1','id','','id','#<li class=&#34;food&#34;><div class=&#34;fl&#34;>早餐：</div><span class=&#34;fl&#34;>(.*)</span>#iUs','0','','','0','','0','0','20','0','','0'),
('391','travel_day','lunch','','0','','1','id','','id','#<div class=&#34;fl ml25&#34;>中餐：</div><span class=&#34;fl&#34;>(.*)</span>#iUs','0','','','0','','0','0','20','0','','0'),
('392','travel_day','dinner','','0','','1','id','','id','#<div class=&#34;fl ml25&#34;>晚餐：</div><span class=&#34;fl&#34;>(.*)</span>#iUs','0','','','0','','0','0','20','0','','0'),
('660','travel_line','diy_id','','0','','1','url','','id','#<p id=&#34;LINE_NO&#34; class=&#34;f14&#34;>(.*)</p>#iU','0','','','0','','0','0','25','0','','0'),
('659','travel_line','title','','0','','1','url','','id','#<h2><span id=&#34;LINENAME&#34;>(.*)</span></h2>#iU','0','','','0','','0','0','25','0','','0'),
('656','travel_line','-update-_time','mktime()','0','','0','id','','id','','0','','','0','','0','0','25','0','','0'),
('657','travel_line','username','','0','','0','url','','id','','0','','','0','','0','0','25','0','','0'),
('655','travel_line','go_transportation','','0','','1','url','','id','#<span id=&#34;RAFFIC_01&#34;>(.*)</span>#iU','0','','','0','','0','0','25','0','','0'),
('654','travel_line','from','','0','','1','url','','id','#<span id=&#34;C_CITY&#34;>(.*)</span>#iU','0','','','0','','0','0','25','0','','0'),
('653','travel_line','back_transportation','','0','','1','url','','id','#<span id=&#34;RAFFIC_02&#34;>(.*)</span>#iU','0','','','0','','0','0','25','0','','0'),
('652','travel_line','gift','','0','','1','url','','id','#<p id=&#34;ZSONG&#34;>(.*)</p>#iUs','0','','','0','','0','0','25','0','','0'),
('651','travel_line','advantage','','0','','1','url','','id','#<p id=&#34;LINE_CHARA&#34;>(.*)</p>#iUs','0','','','0','','0','0','25','0','','0'),
('650','travel_line','included_items','','0','','1','url','','id','#<p id=&#34;Contain_Item&#34;>(.*)</p>#iUs','0','','','0','','0','0','25','1','','0'),
('649','travel_line','excluding_items','','0','','1','url','','id','#<p id=&#34;NO_Contain_Item&#34;>(.*)</p>#iUs','0','','','0','','0','0','25','1','','0'),
('648','travel_line','children_arrangements','','0','','1','url','','id','#<p id=&#34;Children_Plan&#34;>(.*)</p>#iUs','0','','','0','','0','0','25','1','','0'),
('647','travel_line','shopping_arrangements','','0','','1','url','','id','#<p id=&#34;Shopping_Plan&#34;>(.*)</p>#iUs','0','','','0','','0','0','25','1','','0'),
('646','travel_line','precautions','','0','','1','url','','id','#<p id=&#34;Cautions&#34;>(.*)</p>#iUs','0','','','0','','0','0','25','1','','0'),
('644','travel_line','visit','0','0','','0','url','','id','','0','','','0','','0','0','25','0','','0'),
('645','travel_line','other','','0','','1','url','','id','#<p id=&#34;Other&#34;>(.*)</p>#iUs','0','','','0','','0','0','25','1','','0'),
('643','travel_line','reservations','0','0','','0','url','','id','','0','','','0','','0','0','25','0','','0'),
('642','travel_line','visible','1','0','','0','url','','id','','0','','','0','','0','0','25','0','','0'),
('641','travel_line','icon','','0','','2','icon','','id','','1','','./program/travel/img/','0','./program/travel/img_thumb/','300','200','25','0','','0'),
('639','travel_line','day','0','0','','0','url','','id','','0','','','0','','0','0','25','0','','0'),
('640','travel_line','tag','','0','','0','url','','id','','0','','','0','','0','0','25','0','','0'),
('638','travel_line','sequence','0','0','','0','url','','id','','0','','','0','','0','0','25','0','','0'),
('637','travel_line','single_room_price','0','0','','0','url','','id','','0','','','0','','0','0','25','0','','0'),
('636','travel_slider','line_id','','0','','4','id','','id','','0','','','0','','0','0','25','0','','0'),
('635','travel_slider','img','','0','','1','id','','id','#<img src=&#34;(http://uploadmonxin_backslash.boktourmonxin_backslash.com/bk_resources/[0-9]{1,20}/[0-9]{1,20}monxin_backslash.jpg)&#34; />#iU','1','','./program/travel/img/','0','./program/travel/img_thumb/','560','340','25','0','','0'),
('634','travel_weeks','line_id','','0','','4','id','','id','','0','','','0','','0','0','25','0','','0'),
('633','travel_weeks','adult_1','','0','','1','id','','id','#<span id=&#34;LINE_PIRCE01&#34;>([0-9]{0,10})</span>#iU','0','','','0','','0','0','25','0','','0');m;o;n;
INSERT INTO `monxin_copy_field` (`id`,`table`,`field`,`default_value`,`auto_update`,`replace_to`,`data_source_type`,`data_source_2`,`data_source_3`,`data_source_4`,`extract_reg`,`data_type`,`data_type_file_save_path`,`data_type_img_save_path`,`data_type_img_imageMark`,`data_type_img_thumb_save_path`,`data_type_img_thumb_width`,`data_type_img_thumb_height`,`regular_id`,`allow_html`,`html_img_save_path`,`html_img_watermark`) VALUES
('632','travel_weeks','adult_2','','0','','1','id','','id','#<span id=&#34;LINE_PIRCE01&#34;>([0-9]{0,10})</span>#iU','0','','','0','','0','0','25','0','','0'),
('631','travel_weeks','adult_3','','0','','1','id','','id','#<span id=&#34;LINE_PIRCE01&#34;>([0-9]{0,10})</span>#iU','0','','','0','','0','0','25','0','','0'),
('630','travel_weeks','adult_4','','0','','1','id','','id','#<span id=&#34;LINE_PIRCE01&#34;>([0-9]{0,10})</span>#iU','0','','','0','','0','0','25','0','','0'),
('629','travel_weeks','adult_5','','0','','1','id','','id','#<span id=&#34;LINE_PIRCE01&#34;>([0-9]{0,10})</span>#iU','0','','','0','','0','0','25','0','','0'),
('628','travel_weeks','adult_6','','0','','1','id','','id','#<span id=&#34;LINE_PIRCE01&#34;>([0-9]{0,10})</span>#iU','0','','','0','','0','0','25','0','','0'),
('627','travel_weeks','adult_0','','0','','1','id','','id','#<span id=&#34;LINE_PIRCE01&#34;>([0-9]{0,10})</span>#iU','0','','','0','','0','0','25','0','','0'),
('626','travel_weeks','children_0','','0','','1','id','','id','#<span id=&#34;LINE_PIRCE02&#34;>([0-9]{1,9})</span>#iU','0','','','0','','0','0','25','0','','0'),
('625','travel_weeks','children_6','','0','','1','id','','id','#<span id=&#34;LINE_PIRCE02&#34;>([0-9]{1,9})</span>#iU','0','','','0','','0','0','25','0','','0'),
('624','travel_weeks','children_5','','0','','1','id','','id','#<span id=&#34;LINE_PIRCE02&#34;>([0-9]{1,9})</span>#iU','0','','','0','','0','0','25','0','','0'),
('623','travel_weeks','children_4','','0','','1','id','','id','#<span id=&#34;LINE_PIRCE02&#34;>([0-9]{1,9})</span>#iU','0','','','0','','0','0','25','0','','0'),
('622','travel_weeks','children_3','','0','','1','id','','id','#<span id=&#34;LINE_PIRCE02&#34;>([0-9]{1,9})</span>#iU','0','','','0','','0','0','25','0','','0'),
('621','travel_weeks','children_2','','0','','1','id','','id','#<span id=&#34;LINE_PIRCE02&#34;>([0-9]{1,9})</span>#iU','0','','','0','','0','0','25','0','','0'),
('620','travel_weeks','children_1','','0','','1','id','','id','#<span id=&#34;LINE_PIRCE02&#34;>([0-9]{1,9})</span>#iU','0','','','0','','0','0','25','0','','0'),
('619','travel_day','tips','','0','','1','id','','id','#<h3>温馨提示</h3><p>(.*)</p>#iUs','0','','','0','','0','0','25','1','','0'),
('618','travel_day','start','','0','','1','id','','id','#<td class=&#34;nr days-info&#34; style=&#34;text-align:left;&#34;>(.*)<#iUs','0','','','0','','0','0','25','0','','0'),
('617','travel_day','transportation','','0','#jt01#iU===2,,,
#jt02#iU===3,,,
#jt03#iU===0,,,
#jt04#iU===1,,,
','1','id','','id','#<span class=&#34;(jt0[1-4])&#34;></span>#iUs','0','','','0','','0','0','25','0','','0'),
('615','travel_day','lunch','','0','含餐===1,,,
不含===0,,,','1','id','','id','#<div class=&#34;fl ml25&#34;>中餐：</div><span class=&#34;fl&#34;>(.*)</span>#iUs','0','','','0','','0','0','24','0','','0'),
('616','travel_day','dinner','','0','含餐===1,,,
不含===0,,,','1','id','','id','#<div class=&#34;fl ml25&#34;>晚餐：</div><span class=&#34;fl&#34;>(.*)</span>#iUs','0','','','0','','0','0','24','0','','0'),
('614','travel_day','breakfast','','0','含餐===1,,,
不含===0,,,','1','id','','id','#<li class=&#34;food&#34;><div class=&#34;fl&#34;>早餐：</div><span class=&#34;fl&#34;>(.*)</span>#iUs','0','','','0','','0','0','24','0','','0'),
('613','travel_day','lodging','','0','','1','id','','id','#<li class=&#34;hotel&#34;><div class=&#34;fl&#34;>住宿：</div><span class=&#34;fl&#34;>(.*)</span></li>#iUs','0','','','0','','0','0','24','0','','0'),
('561','travel_line','type','9','0','','0','url','url','id','','0','','','0','','0','0','24','1','','0'),
('562','travel_line','insure','4','0','','0','url','','id','','0','','','0','','0','0','24','0','','0'),
('563','travel_line','departure_date','电话咨询','0','','1','url','','id','#<span id=&#34;TOURDATE&#34;>(.*)</span>#iU','0','','','0','','0','0','24','0','','0'),
('564','travel_line','adult_price','0','0','','1','icon','xxx','adult_price','#<span id=&#34;LINE_PIRCE01&#34;>([0-9]{0,10})</span>#iU','0','32432','sdr','1','wer','112','332','24','0','','0'),
('565','travel_line','children_price','0','0','','1','url','','id','#<span id=&#34;LINE_PIRCE02&#34;>([0-9]{1,9})</span>#iU','0','','','0','','0','0','24','0','','0'),
('566','travel_line','title','','0','','1','url','','id','#<h2><span id=&#34;LINENAME&#34;>(.*)</span></h2>#iU','0','','','0','','0','0','24','0','','0'),
('567','travel_line','diy_id','','0','','1','url','','id','#<p id=&#34;LINE_NO&#34; class=&#34;f14&#34;>(.*)</p>#iU','0','','','0','','0','0','24','0','','0'),
('568','travel_line','time','mktime()','0','','0','url','','id','','0','','','0','','0','0','24','0','','0'),
('569','travel_line','-update-_time','mktime()','0','','0','id','','id','','0','','','0','','0','0','24','0','','0'),
('570','travel_line','username','','0','','0','url','','id','','0','','','0','','0','0','24','0','','0'),
('571','travel_line','from','','0','','1','url','','id','#<span id=&#34;C_SETOUTCITY&#34;>(.*)</span>#iU','0','','','0','','0','0','24','0','','0'),
('572','travel_line','go_transportation','','0','','1','url','','id','#<span id=&#34;RAFFIC_01&#34;>(.*)</span>#iU','0','','','0','','0','0','24','0','','0'),
('573','travel_line','back_transportation','','0','','1','url','','id','#<span id=&#34;RAFFIC_02&#34;>(.*)</span>#iU','0','','','0','','0','0','24','0','','0'),
('574','travel_line','gift','','0','','1','url','','id','#<p id=&#34;ZSONG&#34;>(.*)</p>#iUs','0','','','0','','0','0','24','0','','0'),
('575','travel_line','advantage','','0','','1','url','','id','#<p id=&#34;LINE_CHARA&#34;>(.*)</p>#iUs','0','','','0','','0','0','24','0','','0'),
('576','travel_line','included_items','','0','','1','url','','id','#<p id=&#34;Contain_Item&#34;>(.*)</p>#iUs','0','','','0','','0','0','24','1','','0'),
('577','travel_line','excluding_items','','0','','1','url','','id','#<p id=&#34;NO_Contain_Item&#34;>(.*)</p>#iUs','0','','','0','','0','0','24','1','','0'),
('578','travel_line','children_arrangements','','0','','1','url','','id','#<p id=&#34;Children_Plan&#34;>(.*)</p>#iUs','0','','','0','','0','0','24','1','','0'),
('579','travel_line','shopping_arrangements','','0','','1','url','','id','#<p id=&#34;Shopping_Plan&#34;>(.*)</p>#iUs','0','','','0','','0','0','24','1','','0'),
('580','travel_line','precautions','','0','','1','url','','id','#<p id=&#34;Cautions&#34;>(.*)</p>#iUs','0','','','0','','0','0','24','1','','0'),
('581','travel_line','other','','0','','1','url','','id','#<p id=&#34;Other&#34;>(.*)</p>#iUs','0','','','0','','0','0','24','1','','0'),
('582','travel_line','reservations','0','0','','0','url','','id','','0','','','0','','0','0','24','0','','0'),
('583','travel_line','visit','0','0','','0','url','','id','','0','','','0','','0','0','24','0','','0'),
('584','travel_line','visible','1','0','','0','url','','id','','0','','','0','','0','0','24','0','','0'),
('585','travel_line','icon','','0','','2','icon','','id','','1','','./program/travel/img/','0','./program/travel/img_thumb/','300','200','24','0','','0'),
('586','travel_line','day','0','0','','0','url','','id','','0','','','0','','0','0','24','0','','0'),
('587','travel_line','tag','','0','','0','url','','id','','0','','','0','','0','0','24','0','','0'),
('588','travel_line','single_room_price','0','0','','0','url','','id','','0','','','0','','0','0','24','0','','0'),
('589','travel_line','sequence','0','0','','0','url','','id','','0','','','0','','0','0','24','0','','0'),
('590','travel_slider','line_id','','0','','4','id','','id','','0','','','0','','0','0','24','0','','0');m;o;n;
INSERT INTO `monxin_copy_field` (`id`,`table`,`field`,`default_value`,`auto_update`,`replace_to`,`data_source_type`,`data_source_2`,`data_source_3`,`data_source_4`,`extract_reg`,`data_type`,`data_type_file_save_path`,`data_type_img_save_path`,`data_type_img_imageMark`,`data_type_img_thumb_save_path`,`data_type_img_thumb_width`,`data_type_img_thumb_height`,`regular_id`,`allow_html`,`html_img_save_path`,`html_img_watermark`) VALUES
('591','travel_slider','img','','0','','1','id','','id','#<img src=&#34;(http://uploadmonxin_backslash.boktourmonxin_backslash.com/bk_resources/[0-9]{1,20}/[0-9]{1,20}monxin_backslash.jpg)&#34; />#iU','1','','./program/travel/img/','0','./program/travel/img_thumb/','560','340','24','0','','0'),
('592','travel_weeks','line_id','','0','','4','id','','id','','0','','','0','','0','0','24','0','','0'),
('593','travel_weeks','adult_1','','0','','1','id','','id','#<span id=&#34;LINE_PIRCE01&#34;>([0-9]{0,10})</span>#iU','0','','','0','','0','0','24','0','','0'),
('594','travel_weeks','adult_2','','0','','1','id','','id','#<span id=&#34;LINE_PIRCE01&#34;>([0-9]{0,10})</span>#iU','0','','','0','','0','0','24','0','','0'),
('595','travel_weeks','adult_3','','0','','1','id','','id','#<span id=&#34;LINE_PIRCE01&#34;>([0-9]{0,10})</span>#iU','0','','','0','','0','0','24','0','','0'),
('596','travel_weeks','adult_4','','0','','1','id','','id','#<span id=&#34;LINE_PIRCE01&#34;>([0-9]{0,10})</span>#iU','0','','','0','','0','0','24','0','','0'),
('597','travel_weeks','adult_5','','0','','1','id','','id','#<span id=&#34;LINE_PIRCE01&#34;>([0-9]{0,10})</span>#iU','0','','','0','','0','0','24','0','','0'),
('598','travel_weeks','adult_6','','0','','1','id','','id','#<span id=&#34;LINE_PIRCE01&#34;>([0-9]{0,10})</span>#iU','0','','','0','','0','0','24','0','','0'),
('599','travel_weeks','adult_0','','0','','1','id','','id','#<span id=&#34;LINE_PIRCE01&#34;>([0-9]{0,10})</span>#iU','0','','','0','','0','0','24','0','','0'),
('600','travel_weeks','children_0','','0','','1','id','','id','#<span id=&#34;LINE_PIRCE02&#34;>([0-9]{1,9})</span>#iU','0','','','0','','0','0','24','0','','0'),
('601','travel_weeks','children_6','','0','','1','id','','id','#<span id=&#34;LINE_PIRCE02&#34;>([0-9]{1,9})</span>#iU','0','','','0','','0','0','24','0','','0'),
('602','travel_weeks','children_5','','0','','1','id','','id','#<span id=&#34;LINE_PIRCE02&#34;>([0-9]{1,9})</span>#iU','0','','','0','','0','0','24','0','','0'),
('603','travel_weeks','children_4','','0','','1','id','','id','#<span id=&#34;LINE_PIRCE02&#34;>([0-9]{1,9})</span>#iU','0','','','0','','0','0','24','0','','0'),
('604','travel_weeks','children_3','','0','','1','id','','id','#<span id=&#34;LINE_PIRCE02&#34;>([0-9]{1,9})</span>#iU','0','','','0','','0','0','24','0','','0'),
('605','travel_weeks','children_2','','0','','1','id','','id','#<span id=&#34;LINE_PIRCE02&#34;>([0-9]{1,9})</span>#iU','0','','','0','','0','0','24','0','','0'),
('606','travel_weeks','children_1','','0','','1','id','','id','#<span id=&#34;LINE_PIRCE02&#34;>([0-9]{1,9})</span>#iU','0','','','0','','0','0','24','0','','0'),
('607','travel_day','line_id','','0','','4','id','','id','','0','','','0','','0','0','24','0','','0'),
('608','travel_day','tips','','0','','1','id','','id','#<h3>温馨提示</h3><p>(.*)</p>#iUs','0','','','0','','0','0','24','1','','0'),
('609','travel_day','start','','0','','1','id','','id','#<td class=&#34;nr days-info&#34; style=&#34;text-align:left;&#34;>(.*)<#iUs','0','','','0','','0','0','24','0','','0'),
('610','travel_day','transportation','','0','#jt01#iU===2,,,
#jt02#iU===3,,,
#jt03#iU===0,,,
#jt04#iU===1,,,
','1','id','','id','#<span class=&#34;(jt0[1-4])&#34;></span>#iUs','0','','','0','','0','0','24','0','','0'),
('611','travel_day','end','','0','','1','id','','id','#<td class=&#34;nr days-info&#34; style=&#34;text-align:left;&#34;>.*&nbsp;<span class=&#34;.*&#34;></span>&nbsp;(.*)</td>#iUs','0','','','0','','0','0','24','0','','0'),
('612','travel_day','detail','','0','#<div class=&#34;xc-prompt&#34;>.*</div>#iUs===,,,
#<a .*>#iUs===,,,
#</a>#iUs===,,,
#<li>#iU===<li style=&#34;list-style:none;display:inline-block;text-align:center; padding:20px;&#34;>,,,
#<img#iU===<img style=max-width:300px,,,

','1','id','','id','#<td class=&#34;nr xc-info&#34;>(.*)<ul class=&#34;xc-other&#34;>.*</ul></td>#iUs','0','','','0','','0','0','24','1','./program/travel/attachd/image/','0'),
('717','travel_line','type','23','0','','0','url','url','id','','0','','','0','','0','0','26','1','','0'),
('716','travel_line','diy_id','','0','','1','url','','id','#<p id=&#34;LINE_NO&#34; class=&#34;f14&#34;>(.*)</p>#iU','0','','','0','','0','0','26','0','','0'),
('715','travel_line','title','','0','','1','url','','id','#<h2><span id=&#34;LINENAME&#34;>(.*)</span></h2>#iU','0','','','0','','0','0','26','0','','0'),
('714','travel_line','time','mktime()','0','','0','url','','id','','0','','','0','','0','0','26','0','','0'),
('712','travel_line','-update-_time','mktime()','0','','0','id','','id','','0','','','0','','0','0','26','0','','0'),
('713','travel_line','username','','0','','0','url','','id','','0','','','0','','0','0','26','0','','0'),
('709','travel_line','back_transportation','','0','','1','url','','id','#<span id=&#34;RAFFIC_02&#34;>(.*)</span>#iU','0','','','0','','0','0','26','0','','0'),
('710','travel_line','from','','0','','1','url','','id','#<span id=&#34;C_CITY&#34;>(.*)</span>#iU','0','','','0','','0','0','26','0','','0'),
('711','travel_line','go_transportation','','0','','1','url','','id','#<span id=&#34;RAFFIC_01&#34;>(.*)</span>#iU','0','','','0','','0','0','26','0','','0'),
('707','travel_line','advantage','','0','','1','url','','id','#<p id=&#34;LINE_CHARA&#34;>(.*)</p>#iUs','0','','','0','','0','0','26','0','','0'),
('708','travel_line','gift','','0','','1','url','','id','#<p id=&#34;ZSONG&#34;>(.*)</p>#iUs','0','','','0','','0','0','26','0','','0'),
('706','travel_line','included_items','','0','','1','url','','id','#<p id=&#34;Contain_Item&#34;>(.*)</p>#iUs','0','','','0','','0','0','26','1','','0'),
('705','travel_line','excluding_items','','0','','1','url','','id','#<p id=&#34;NO_Contain_Item&#34;>(.*)</p>#iUs','0','','','0','','0','0','26','1','','0'),
('704','travel_line','children_arrangements','','0','','1','url','','id','#<p id=&#34;Children_Plan&#34;>(.*)</p>#iUs','0','','','0','','0','0','26','1','','0'),
('658','travel_line','time','mktime()','0','','0','url','','id','','0','','','0','','0','0','25','0','','0'),
('718','travel_line','insure','4','0','','0','url','','id','','0','','','0','','0','0','26','0','','0'),
('719','travel_line','departure_date','电话咨询','0','','1','url','','id','#<span id=&#34;TOURDATE&#34;>(.*)</span>#iU','0','','','0','','0','0','26','0','','0'),
('720','travel_line','adult_price','0','0','','1','icon','xxx','adult_price','#<span id=&#34;LINE_PIRCE01&#34;>([0-9]{0,10})</span>#iU','0','32432','sdr','1','wer','112','332','26','0','','0'),
('721','travel_line','children_price','0','0','','1','url','','id','#<span id=&#34;LINE_PIRCE02&#34;>([0-9]{1,9})</span>#iU','0','','','0','','0','0','26','0','','0'),
('722','travel_day','line_id','','0','','4','id','','id','','0','','','0','','0','0','26','0','','0'),
('723','travel_day','end','','0','','1','id','','id','#<td class=&#34;nr days-info&#34; style=&#34;text-align:left;&#34;>.*&nbsp;<span class=&#34;.*&#34;></span>&nbsp;(.*)</td>#iUs','0','','','0','','0','0','26','0','','0'),
('724','travel_day','detail','','0','#<div class=&#34;xc-prompt&#34;>.*</div>#iUs===,,,
#<a .*>#iUs===,,,
#</a>#iUs===,,,
#<li>#iU===<li style=&#34;list-style:none;display:inline-block;text-align:center; padding:20px;&#34;>,,,
#<img#iU===<img style=max-width:300px,,,

','1','id','','id','#<td class=&#34;nr xc-info&#34;>(.*)<ul class=&#34;xc-other&#34;>.*</ul></td>#iUs','0','','','0','','0','0','26','1','./program/travel/attachd/image/','0'),
('725','travel_day','lodging','','0','','1','id','','id','#<li class=&#34;hotel&#34;><div class=&#34;fl&#34;>住宿：</div><span class=&#34;fl&#34;>(.*)</span></li>#iUs','0','','','0','','0','0','26','0','','0'),
('726','travel_day','breakfast','','0','含餐===1,,,
不含===0,,,','1','id','','id','#<li class=&#34;food&#34;><div class=&#34;fl&#34;>早餐：</div><span class=&#34;fl&#34;>(.*)</span>#iUs','0','','','0','','0','0','26','0','','0'),
('727','travel_day','lunch','','0','含餐===1,,,
不含===0,,,','1','id','','id','#<div class=&#34;fl ml25&#34;>中餐：</div><span class=&#34;fl&#34;>(.*)</span>#iUs','0','','','0','','0','0','26','0','','0'),
('728','travel_day','dinner','','0','含餐===1,,,
不含===0,,,','1','id','','id','#<div class=&#34;fl ml25&#34;>晚餐：</div><span class=&#34;fl&#34;>(.*)</span>#iUs','0','','','0','','0','0','26','0','','0');m;o;n;
DROP TABLE IF EXISTS `monxin_copy_file`;m;o;n;
CREATE TABLE `monxin_copy_file` (
  `id` int(11) NOT NULL auto_increment,
  `task_id` int(11) NOT NULL default '0',
  `field_id` int(11) NOT NULL default '0',
  `url` varchar(300) default NULL,
  `save_path` varchar(100) default NULL,
  `state` int(1) NOT NULL default '0',
  `download_count` int(2) NOT NULL default '0',
  PRIMARY KEY  (`id`)
) ENGINE=MyISAM AUTO_INCREMENT=2208 DEFAULT CHARSET=utf8;m;o;n;
INSERT INTO `monxin_copy_file` (`id`,`task_id`,`field_id`,`url`,`save_path`,`state`,`download_count`) VALUES
('2159','502','641','http://upload.boktour.com/bk_resources/25317/20140314095749.jpg','./program/travel/img/0/ffcb6ff1bc774c0f91da0c7dfb614f1d.jpg','1','1'),
('2160','502','635','http://upload.boktour.com/bk_resources/25317/20140314094201.jpg','./program/travel/img/0/2163e2d2defcb338bb9968bedece40e4.jpg','1','1'),
('2161','502','635','http://upload.boktour.com/bk_resources/25317/20140314095749.jpg','./program/travel/img/1/df20609a4eff9154e047798eae956ff6.jpg','1','1'),
('2162','502','635','http://upload.boktour.com/bk_resources/25317/20140314100652.jpg','./program/travel/img/1/9655b777d050d4614add5c6c2130ffef.jpg','1','1'),
('2163','502','635','http://upload.boktour.com/bk_resources/25317/20140314035219.jpg','./program/travel/img/1/84439b691a49139dd275ac0f2c4d04a6.jpg','1','1'),
('2164','502','635','http://upload.boktour.com/bk_resources/25317/20140316095221.jpg','./program/travel/img/1/1d7dfa5e47e68bd4358cd9dca8d10363.jpg','1','1'),
('2165','502','635','http://upload.boktour.com/bk_resources/25317/20140318112549.jpg','./program/travel/img/1/5641b987051fc0b6fe267a0af6122ad9.jpg','1','1'),
('2166','502','635','http://upload.boktour.com/bk_resources/25317/20140318033540.jpg','./program/travel/img/1/b3d8927cbe45509adf6b6d023ac15db2.jpg','1','1'),
('2167','502','635','http://upload.boktour.com/bk_resources/25317/20140318033613.jpg','./program/travel/img/1/f4f3568f4a2e22de58f13e3011bb29a0.jpg','1','1'),
('2168','502','635','http://upload.boktour.com/bk_resources/25317/20140318033718.jpg','./program/travel/img/1/76103c343b107c1987cf04df241dd9ca.jpg','1','1'),
('2169','502','635','http://upload.boktour.com/bk_resources/25317/20140318045927.jpg','./program/travel/img/1/4070fc3b45c7dd2da7061158553dae2d.jpg','1','1'),
('2170','503','697','http://upload.boktour.com/bk_resources/18673/20130503083039.jpg','./program/travel/img/0/42ec0975b3ade098beb49a3f8a28fd2d.jpg','1','1'),
('2171','503','691','http://upload.boktour.com/bk_resources/18673/20130502034928.jpg','./program/travel/img/0/0b8e671025da706b73b0e46c74cad846.jpg','1','1'),
('2172','503','691','http://upload.boktour.com/bk_resources/18673/20130502053531.jpg','./program/travel/img/1/ff562de215d1d55d52031d155e1559fa.jpg','1','1'),
('2173','503','691','http://upload.boktour.com/bk_resources/18673/20130502053609.jpg','./program/travel/img/1/dd5590cae88464f5ae569ffae06c4f04.jpg','1','1'),
('2174','503','691','http://upload.boktour.com/bk_resources/18673/20130503103432.jpg','./program/travel/img/1/b08e97db4bd0dc0e23f50744dd76155f.jpg','1','1'),
('2175','503','691','http://upload.boktour.com/bk_resources/18673/20130503110923.jpg','./program/travel/img/1/2e4f21f5bf9660cc5ab4679e5e0d3db0.jpg','1','1'),
('2176','503','691','http://upload.boktour.com/bk_resources/18673/20130503045653.jpg','./program/travel/img/1/2c551ef5d9d58d4809b58105350d20cb.jpg','1','1'),
('2177','503','691','http://upload.boktour.com/bk_resources/18673/20130503045738.jpg','./program/travel/img/1/8f38056e9d31afe38eba44e3fe545499.jpg','1','1'),
('2178','503','691','http://upload.boktour.com/bk_resources/18673/20130503051255.jpg','./program/travel/img/1/9d41d2df1e61cc1bce5d145112fdb160.jpg','1','1'),
('2179','503','691','http://upload.boktour.com/bk_resources/18673/20130503063830.jpg','./program/travel/img/1/5b74f43220ea914c86de738a6a793edc.jpg','1','1'),
('2180','503','691','http://upload.boktour.com/bk_resources/18673/20130503064247.jpg','./program/travel/img/1/b44e958af8df5f3cb1f08e53fe90164b.jpg','1','1'),
('2181','503','691','http://upload.boktour.com/bk_resources/18673/20130503064320.jpg','./program/travel/img/1/45c67539d19e088a2dcb863a2a384786.jpg','1','1'),
('2182','503','691','http://upload.boktour.com/bk_resources/18673/20130503065208.jpg','./program/travel/img/1/34a0d6ab8af6896894090150b4a0a843.jpg','1','1'),
('2183','503','691','http://upload.boktour.com/bk_resources/18673/20130503083039.jpg','./program/travel/img/1/e837023f7b578f7bdd49f7adaf01ba96.jpg','1','1'),
('2184','503','691','http://upload.boktour.com/bk_resources/18673/20130503084436.jpg','./program/travel/img/1/afea6b3c843c070d4c9e4b4306902007.jpg','1','1'),
('2185','503','691','http://upload.boktour.com/bk_resources/18673/20130503084454.jpg','./program/travel/img/1/1945cc78749768acf9da36ffdd020a1d.jpg','1','1'),
('2186','503','691','http://upload.boktour.com/bk_resources/18673/20130503084638.jpg','./program/travel/img/1/75e9367db2208729fb39c806d3ffb1b1.jpg','1','1'),
('2187','503','691','http://upload.boktour.com/bk_resources/18673/20130503084958.jpg','./program/travel/img/1/3adbc35e7603b4326d845aaba9c71ed2.jpg','1','1'),
('2188','503','691','http://upload.boktour.com/bk_resources/18673/20130503085020.jpg','./program/travel/img/1/6b91ffc4624406b35b27ef257be166bd.jpg','1','1'),
('2189','504','697','http://upload.boktour.com/bk_resources/18673/20130503103432.jpg','./program/travel/img/1/1f8318cc3e9847d912aee5c6a1e69bcc.jpg','1','1'),
('2190','504','691','http://upload.boktour.com/bk_resources/18673/20130502034928.jpg','./program/travel/img/1/35244bafd029d5efb6da9693f7ee6e12.jpg','1','1'),
('2191','504','691','http://upload.boktour.com/bk_resources/18673/20130502053531.jpg','./program/travel/img/1/48859419ec5db06aaef15d91da3b3daf.jpg','1','1'),
('2192','504','691','http://upload.boktour.com/bk_resources/18673/20130502053609.jpg','./program/travel/img/1/752865d07bc5184d2a79e0c46a39adfa.jpg','1','1'),
('2193','504','691','http://upload.boktour.com/bk_resources/18673/20130503103432.jpg','./program/travel/img/1/37812203fa4cde927fd680f216af0ea2.jpg','1','1'),
('2194','504','691','http://upload.boktour.com/bk_resources/18673/20130503110923.jpg','./program/travel/img/1/19d35a873dc3e4bcc0739075382e6a46.jpg','1','1'),
('2195','504','691','http://upload.boktour.com/bk_resources/18673/20130503042844.jpg','./program/travel/img/1/ab495290a068815f6cd55fefa65434cc.jpg','1','1'),
('2196','504','691','http://upload.boktour.com/bk_resources/18673/20130503043018.jpg','./program/travel/img/1/5328ed3a19f085ed06e57d71f40a6715.jpg','1','1'),
('2197','504','691','http://upload.boktour.com/bk_resources/18673/20130503043814.jpg','./program/travel/img/1/2ab1a0b4e50d830bf7c1c91c77e3bff2.jpg','1','1'),
('2198','504','691','http://upload.boktour.com/bk_resources/18673/20130503045653.jpg','./program/travel/img/1/9f56bef88c2e0229d4ade38a3d5bf212.jpg','1','1'),
('2199','504','691','http://upload.boktour.com/bk_resources/18673/20130503045738.jpg','./program/travel/img/1/8a0a4fc13782980c1dc598b088608850.jpg','1','1'),
('2200','504','691','http://upload.boktour.com/bk_resources/18673/20130503051255.jpg','./program/travel/img/1/7814c0a8dbf093eed5a615198b9807f5.jpg','1','1'),
('2201','504','691','http://upload.boktour.com/bk_resources/18673/20130503063830.jpg','./program/travel/img/1/06c042e8b513538936fee6b1686cbd9b.jpg','1','1'),
('2202','504','691','http://upload.boktour.com/bk_resources/18673/20130503064247.jpg','./program/travel/img/1/5fc8942efd5b4b03154c7f94c0856dc1.jpg','1','1'),
('2203','504','691','http://upload.boktour.com/bk_resources/18673/20130503064320.jpg','./program/travel/img/1/7bc87f16c719a5055ef41df78fd83cca.jpg','1','1'),
('2204','504','691','http://upload.boktour.com/bk_resources/18673/20130503064726.jpg','./program/travel/img/1/4e01a58fb5577c0de4999f3b7372082f.jpg','1','1'),
('2205','504','691','http://upload.boktour.com/bk_resources/18673/20130503064755.jpg','./program/travel/img/1/826af4268ef5681649fc3457b4d98827.jpg','1','1'),
('2206','504','691','http://upload.boktour.com/bk_resources/18673/20130503064821.jpg','./program/travel/img/1/e1bd900ca8c4db968dc96a198c5f791d.jpg','1','1'),
('2207','504','691','http://upload.boktour.com/bk_resources/18673/20130503065208.jpg','./program/travel/img/1/ec808f8fa8bd00c57dbe471e24d351a6.jpg','1','1');m;o;n;
DROP TABLE IF EXISTS `monxin_copy_regular`;m;o;n;
CREATE TABLE `monxin_copy_regular` (
  `id` int(11) NOT NULL auto_increment,
  `name` varchar(100) default NULL COMMENT '正则名称',
  `list_url` varchar(300) default NULL COMMENT '列表页网址',
  `detail_url` int(1) NOT NULL default '-1',
  `detail_icon` int(1) default '-1',
  `detail_title` int(1) default '-1',
  `start_number` int(11) NOT NULL default '1' COMMENT '起始参数',
  `add_step` int(3) NOT NULL default '1' COMMENT '参数递增',
  `end_number` int(11) NOT NULL default '1' COMMENT '结束参数',
  `list_update_cycle` bigint(12) default '0' COMMENT '列表页采集周期',
  `list_update_time` bigint(12) NOT NULL default '0',
  `page_charset` varchar(20) default NULL COMMENT '来源网页编码',
  `detail_url_reg` text COMMENT '详情页网址提取正则',
  `detail_url_prefix` varchar(300) default NULL COMMENT '详情页网址前缀',
  `detail_update_cycle` bigint(12) default '0' COMMENT '更新周期',
  `save_to` varchar(100) NOT NULL COMMENT '保存到数据表',
  `switch` int(1) NOT NULL default '1' COMMENT '开关',
  `copy_interval` int(10) NOT NULL default '30',
  PRIMARY KEY  (`id`)
) ENGINE=MyISAM AUTO_INCREMENT=27 DEFAULT CHARSET=utf8;m;o;n;
INSERT INTO `monxin_copy_regular` (`id`,`name`,`list_url`,`detail_url`,`detail_icon`,`detail_title`,`start_number`,`add_step`,`end_number`,`list_update_cycle`,`list_update_time`,`page_charset`,`detail_url_reg`,`detail_url_prefix`,`detail_update_cycle`,`save_to`,`switch`,`copy_interval`) VALUES
('26','博客旅游网(湖南站) 出境线路 东南亚 -> 梦行旅游 出境线路 东南亚','http://cs.boktour.com/interline/ajax/getline.aspx?Page={var}&LINENAME=&LINETYPE_ID=548','0','1','2','1','1','1','8600','1412154707','utf-8','#<a href=&#34;monxin_backslash.monxin_backslash./(interline/list_detailmonxin_backslash.aspxmonxin_backslash?LINE_ID=[0-9]*)&#34; target=&#34;_blank&#34;><img src=&#34;(http://uploadmonxin_backslash.boktourmonxin_backslash.com/.*)&#34; width=&#34;168&#34; height=&#34;106&#34; title=&#34;(.*)&#34; alt=&#34;.*&#34; /></a>#iUs','http://cs.boktour.com/','0','travel_line,travel_slider,travel_day,travel_weeks','1','30'),
('24','博客旅游网(湖南站) 国内线路 海南旅游 -> 梦行旅游 国内线路 海南旅游 ','http://cs.boktour.com/line/ajax/getline.aspx?Page={var}&LINENAME=&LINETYPE_ID=299','0','1','2','1','1','4','8600','1412154707','utf-8','#<a href=&#34;monxin_backslash.monxin_backslash./(line/list_detailmonxin_backslash.aspxmonxin_backslash?LINE_ID=[0-9]*)&#34; target=&#34;_blank&#34;><img src=&#34;(http://uploadmonxin_backslash.boktourmonxin_backslash.com/bk_resources/.*)&#34; width=&#34;168&#34; height=&#34;106&#34; title=&#34;(.*)&#34; alt=&#34;.*&#34; /></a>#iU','http://cs.boktour.com/','0','travel_line,travel_slider,travel_day,travel_weeks','1','30'),
('25','博客旅游网(湖南站) 周边线路 张家界旅游 -> 梦行旅游 周边线路 张家界旅游','http://cs.boktour.com/shortline/ajax/getline.aspx?Page={var}&LINENAME=&LINETYPE_ID=355','0','1','2','1','1','2','8600','1412154707','utf-8','#<a href=&#34;monxin_backslash.monxin_backslash./(shortline/list_detailmonxin_backslash.aspxmonxin_backslash?LINE_ID=[0-9]*)&#34; target=&#34;_blank&#34;><img src=&#34;(http://uploadmonxin_backslash.boktourmonxin_backslash.com/bk_resources/.*)&#34; width=&#34;168&#34; height=&#34;106&#34; title=&#34;(.*)&#34; alt=&#34;.*&#34; /></a>#iU','http://cs.boktour.com/','0','travel_line,travel_slider,travel_day,travel_weeks','1','30');m;o;n;
DROP TABLE IF EXISTS `monxin_copy_table`;m;o;n;
CREATE TABLE `monxin_copy_table` (
  `id` int(11) NOT NULL auto_increment,
  `regular_id` int(11) NOT NULL default '0',
  `name` varchar(50) default NULL,
  `multiple` int(1) NOT NULL default '0',
  `reg` text NOT NULL,
  PRIMARY KEY  (`id`)
) ENGINE=MyISAM AUTO_INCREMENT=41 DEFAULT CHARSET=utf8;m;o;n;
INSERT INTO `monxin_copy_table` (`id`,`regular_id`,`name`,`multiple`,`reg`) VALUES
('38','26','travel_line','0',''),
('39','26','travel_day','1','#<table class=&#34;table&#34;><tr><td class=&#34;days&#34;><span>第.*天</span></td>.*</ul></td></tr></table>#iUs'),
('40','26','travel_slider','1','#<img src=&#34;http://uploadmonxin_backslash.boktourmonxin_backslash.com/bk_resources/[0-9]{1,20}/[0-9]{1,20}monxin_backslash.jpg&#34; /></li>#iU'),
('12','17','travel_line','0',''),
('13','17','travel_day','1','#<table class=&#34;table&#34;><tr><td class=&#34;days&#34;><span>第.*天</span></td>.*</td></tr></table>#iUs'),
('11','17','travel_slider','1','#<img src=&#34;http://uploadmonxin_backslash.boktourmonxin_backslash.com/bk_resources/[0-9]{1,20}/[0-9]{1,20}monxin_backslash.jpg&#34; /></li>#iU'),
('8','16','travel_slider','1','#<img src=&#34;http://uploadmonxin_backslash.boktourmonxin_backslash.com/bk_resources/[0-9]{1,20}/[0-9]{1,20}monxin_backslash.jpg&#34; /></li>#iU'),
('9','16','travel_line','0',''),
('10','16','travel_day','1','#<table class=&#34;table&#34;><tr><td class=&#34;days&#34;><span>第.*天</span></td>.*</td></tr></table>#iUs'),
('14','18','travel_slider','1','#<img src=&#34;http://uploadmonxin_backslash.boktourmonxin_backslash.com/bk_resources/[0-9]{1,20}/[0-9]{1,20}monxin_backslash.jpg&#34; /></li>#iU'),
('15','18','travel_line','0',''),
('16','18','travel_day','1','#<table class=&#34;table&#34;><tr><td class=&#34;days&#34;><span>第.*天</span></td>.*</td></tr></table>#iUs'),
('17','19','travel_slider','1','#<img src=&#34;http://uploadmonxin_backslash.boktourmonxin_backslash.com/bk_resources/[0-9]{1,20}/[0-9]{1,20}monxin_backslash.jpg&#34; /></li>#iU'),
('18','19','travel_line','0',''),
('19','19','travel_day','1','#<table class=&#34;table&#34;><tr><td class=&#34;days&#34;><span>第.*天</span></td>.*</td></tr></table>#iUs'),
('20','20','travel_slider','1','#<img src=&#34;http://uploadmonxin_backslash.boktourmonxin_backslash.com/bk_resources/[0-9]{1,20}/[0-9]{1,20}monxin_backslash.jpg&#34; /></li>#iU'),
('21','20','travel_line','0',''),
('22','20','travel_day','1','#<table class=&#34;table&#34;><tr><td class=&#34;days&#34;><span>第.*天</span></td>.*</td></tr></table>#iUs'),
('37','25','travel_slider','1','#<img src=&#34;http://uploadmonxin_backslash.boktourmonxin_backslash.com/bk_resources/[0-9]{1,20}/[0-9]{1,20}monxin_backslash.jpg&#34; /></li>#iU'),
('32','24','travel_slider','1','#<img src=&#34;http://uploadmonxin_backslash.boktourmonxin_backslash.com/bk_resources/[0-9]{1,20}/[0-9]{1,20}monxin_backslash.jpg&#34; /></li>#iU'),
('33','24','travel_line','0',''),
('34','24','travel_day','1','#<table class=&#34;table&#34;><tr><td class=&#34;days&#34;><span>第.*天</span></td>.*</ul></td></tr></table>#iUs'),
('35','25','travel_line','0',''),
('36','25','travel_day','1','#<table class=&#34;table&#34;><tr><td class=&#34;days&#34;><span>第.*天</span></td>.*</ul></td></tr></table>#iUs');m;o;n;
DROP TABLE IF EXISTS `monxin_copy_task`;m;o;n;
CREATE TABLE `monxin_copy_task` (
  `id` int(11) NOT NULL auto_increment,
  `regular_id` int(11) NOT NULL default '0',
  `url` varchar(300) default NULL,
  `icon` varchar(300) default NULL,
  `title` varchar(100) default NULL,
  `sequence` int(5) NOT NULL default '0',
  `state` int(1) NOT NULL default '0',
  `time` int(12) NOT NULL default '0',
  `data_id` int(11) NOT NULL default '0',
  PRIMARY KEY  (`id`)
) ENGINE=MyISAM AUTO_INCREMENT=541 DEFAULT CHARSET=utf8;m;o;n;
INSERT INTO `monxin_copy_task` (`id`,`regular_id`,`url`,`icon`,`title`,`sequence`,`state`,`time`,`data_id`) VALUES
('540','24','http://cs.boktour.com/line/list_detail.aspx?LINE_ID=75209','http://upload.boktour.com/bk_resources/5399/20130326052735.jpg','三亚纯净海岛升级版五日游（2晚海边酒店）','0','0','0','0'),
('535','24','http://cs.boktour.com/line/list_detail.aspx?LINE_ID=75220','http://upload.boktour.com/bk_resources/5399/20130425041823.jpg','三亚180°海景度假（零自费，2晚180°海景房，一晚升级挂5，含红艺人表演、海鲜风味大餐）','0','0','0','0'),
('536','24','http://cs.boktour.com/line/list_detail.aspx?LINE_ID=75219','http://upload.boktour.com/bk_resources/5399/20140320112748.jpg','三亚海岛一族（2晚海景房+1晚温泉酒店）','0','0','0','0'),
('537','24','http://cs.boktour.com/line/list_detail.aspx?LINE_ID=75215','http://upload.boktour.com/bk_resources/5399/20130326051122.jpg','三亚乐享海岛臻品游（零自费，一晚升级挂5，含红艺人表演）','0','0','0','0'),
('538','24','http://cs.boktour.com/line/list_detail.aspx?LINE_ID=75213','http://upload.boktour.com/bk_resources/5399/20130327101153.jpg','三亚阳光逍遥游升级版（两晚海边特色酒店）','0','0','0','0'),
('539','24','http://cs.boktour.com/line/list_detail.aspx?LINE_ID=75212','http://upload.boktour.com/bk_resources/5399/20140320113956.jpg','三亚黄金海景-乐惠a线升级版（零自费，赠送人妖表演，凤凰岭公园）','0','0','0','0'),
('521','24','http://cs.boktour.com/line/list_detail.aspx?LINE_ID=77071','http://upload.boktour.com/bk_resources/8676/20130422025312.jpg','海岛足迹双飞五日 12月份','0','0','0','0'),
('522','24','http://cs.boktour.com/line/list_detail.aspx?LINE_ID=77056','http://upload.boktour.com/bk_resources/8676/20130412034314.jpg','sy-海岸风情三亚往返5日游（12月份）','0','0','0','0'),
('523','24','http://cs.boktour.com/line/list_detail.aspx?LINE_ID=77045','http://upload.boktour.com/bk_resources/8676/20130412022828.jpg','sy-大航海家三亚往返5日游 豪华版 12月份','0','0','0','0'),
('524','24','http://cs.boktour.com/line/list_detail.aspx?LINE_ID=77036','http://upload.boktour.com/bk_resources/8676/20130327014337.jpg','sy-海岸游三亚双飞5日游（12月份）','0','0','0','0'),
('525','24','http://cs.boktour.com/line/list_detail.aspx?LINE_ID=77034','http://upload.boktour.com/bk_resources/8676/20130327014337.jpg','12月份  鲸艳美人岛（三亚篇）','0','0','0','0'),
('526','24','http://cs.boktour.com/line/list_detail.aspx?LINE_ID=77032','http://upload.boktour.com/bk_resources/8676/20130327014337.jpg','sy-三亚椰风海韵双飞5日游 12月','0','0','0','0'),
('527','24','http://cs.boktour.com/line/list_detail.aspx?LINE_ID=76693','http://upload.boktour.com/bk_resources/5399/20130327103632.jpg','三亚电影旅行双飞五日游（三亚一地连住4晚海边酒店）3天用车','0','0','0','0'),
('528','24','http://cs.boktour.com/line/list_detail.aspx?LINE_ID=75684','http://upload.boktour.com/bk_resources/5399/20130425045536.jpg','三亚铂金海景（3晚挂牌五星酒店+1晚生态五星酒店，其中3晚海景房）','0','0','0','0'),
('529','24','http://cs.boktour.com/line/list_detail.aspx?LINE_ID=75324','http://upload.boktour.com/bk_resources/5399/20130425041549.jpg','海口乐享海岛（1晚挂五酒店，零自费产品）','0','0','0','0'),
('503','26','http://cs.boktour.com/interline/list_detail.aspx?LINE_ID=15837','http://upload.boktour.com/bk_resources/18673/20130503083039.jpg','泰超值-曼谷.芭堤雅双岛六天游（保）','0','1','1412154864','232'),
('504','26','http://cs.boktour.com/interline/list_detail.aspx?LINE_ID=15779','http://upload.boktour.com/bk_resources/18673/20130503103432.jpg','泰畅享-曼谷.芭堤雅双岛六天豪华品质游','0','1','1412154901','233'),
('531','24','http://cs.boktour.com/line/list_detail.aspx?LINE_ID=75291','http://upload.boktour.com/bk_resources/5399/20130425045934.jpg','海口黄金海景-乐惠a线','0','0','0','0'),
('532','24','http://cs.boktour.com/line/list_detail.aspx?LINE_ID=75224','http://upload.boktour.com/bk_resources/5399/20140320113237.jpg','海口纯净海岛（2晚海边酒店）','0','0','0','0'),
('533','24','http://cs.boktour.com/line/list_detail.aspx?LINE_ID=75223','http://upload.boktour.com/bk_resources/5399/20130326052301.jpg','三亚隐居凤凰岛（2晚隐居海上海景房，2天行程，2天自由活动）','0','0','0','0'),
('534','24','http://cs.boktour.com/line/list_detail.aspx?LINE_ID=75221','http://upload.boktour.com/bk_resources/5399/20130326053311.jpg','三亚黄金海景-乐趣b线（3晚海景房+1晚生态景区酒店）','0','0','0','0'),
('502','25','http://cs.boktour.com/shortline/list_detail.aspx?LINE_ID=12455','http://upload.boktour.com/bk_resources/25317/20140314095749.jpg','特惠之旅—张家界黄龙洞汽车三日游','0','1','1412154713','231'),
('530','24','http://cs.boktour.com/line/list_detail.aspx?LINE_ID=75296','http://upload.boktour.com/bk_resources/5399/20130327101153.jpg','海口阳光逍遥游升级版','0','0','0','0'),
('512','24','http://cs.boktour.com/line/list_detail.aspx?LINE_ID=78359','http://upload.boktour.com/bk_resources/5399/20130326051224.jpg','三亚怒放海五日游（一晚亚龙湾五星酒店，3晚一线海边酒店大别墅）','0','0','0','0'),
('513','24','http://cs.boktour.com/line/list_detail.aspx?LINE_ID=78257','http://upload.boktour.com/bk_resources/5399/20130327095734.jpg','海口海岛休闲游2015','0','0','0','0'),
('514','24','http://cs.boktour.com/line/list_detail.aspx?LINE_ID=78251','http://upload.boktour.com/bk_resources/5399/20130425042121.jpg','三亚海岛休闲游2015版','0','0','0','0'),
('515','24','http://cs.boktour.com/line/list_detail.aspx?LINE_ID=78237','http://upload.boktour.com/bk_resources/5399/20140320112111.jpg','海口黄金海景-乐惠a线（1晚海景房，含红艺人表演，零自费）','0','0','0','0'),
('516','24','http://cs.boktour.com/line/list_detail.aspx?LINE_ID=78212','http://upload.boktour.com/bk_resources/5399/20130327095943.jpg','海口黄金海景乐趣b线（2晚海边特色酒店 海景房 ，1晚南山迎宾馆海景房）零自费系列','0','0','0','0'),
('517','24','http://cs.boktour.com/line/list_detail.aspx?LINE_ID=78211','http://upload.boktour.com/bk_resources/5399/20140320113152.jpg','三亚黄金海景-乐趣b线（4晚海景房）零自费系列','0','0','0','0'),
('518','24','http://cs.boktour.com/line/list_detail.aspx?LINE_ID=78091','http://upload.boktour.com/bk_resources/5399/20130326051224.jpg','三亚无敌海享180°（四晚连住180°海景房）','0','0','0','0'),
('519','24','http://cs.boktour.com/line/list_detail.aspx?LINE_ID=77222','http://upload.boktour.com/bk_resources/5399/20130326053311.jpg','海口黄金海景乐趣b线（2晚海边特色酒店 海景房 ，1晚南山迎宾馆）','0','0','0','0'),
('520','24','http://cs.boktour.com/line/list_detail.aspx?LINE_ID=77074','http://upload.boktour.com/bk_resources/8676/20130412034314.jpg','sy-海居小月湾三亚往返5日游（12月份）','0','0','0','0');m;o;n;
monxin_sql_end